Product ID,Product Name,Current Price,Original Price,Discount,Stock Status,Sizes,URL,Event Type,Timestamp,Image,Category,Variants
4829122,John Lewis & Partners Jardin Leaf Print Marble Platter,10.50,35.00,70.00,In Stock,One Size,https://www.johnlewis.com/john-lewis-partners-jardin-leaf-print-marble-platter/p4829122,New,2025-09-14 15:11:06,https://media.johnlewiscontent.com/i/JohnLewis/238467492,John Lewis Branded,None
6433363,John Lewis August Nubuck Moccasins,25.50,85.00,70.00,In Stock,3,https://www.johnlewis.com/john-lewis-august-nubuck-moccasins/p6433363,New,2025-09-14 15:11:09,https://media.johnlewiscontent.com/i/JohnLewis/006816183alt1,John Lewis Branded,None
113207222,"John Lewis Thurlow Regular Fit Sharkskin Wool Suit Trousers, Light Blue",45.00,90.00,50.00,In Stock,"32R, 34S, 34R, 34L, 36R, 36L, 38S, 38R, 38L, 40S, 40R, 40L",https://www.johnlewis.com/john-lewis-thurlow-regular-fit-sharkskin-wool-suit-trousers-light-blue/p113207222,New,2025-09-14 15:11:12,https://media.johnlewiscontent.com/i/JohnLewis/008920187,John Lewis Branded,None
110813321,"John Lewis Sapphire Chain Detail High Heel Long Boots, Black",56.70,189.00,70.00,In Stock,5,https://www.johnlewis.com/john-lewis-sapphire-chain-detail-high-heel-long-boots-black/p110813321,New,2025-09-14 15:22:14,https://media.johnlewiscontent.com/i/JohnLewis/006526412,Boots,None
112075573,"John Lewis Pia Water-Repellent Leather Boots, Blk Tumbled Leather",44.70,149.00,70.00,In Stock,5,https://www.johnlewis.com/john-lewis-pia-water-repellent-leather-boots-blk-tumbled-leather/p112075573,New,2025-09-14 15:22:17,https://media.johnlewiscontent.com/i/JohnLewis/008572640,Boots,None
113034274,"John Lewis Presley Leather Ruched Kitten Heel Ankle Boots, Black",32.70,109.00,70.00,In Stock,"3, 4, 5, 6, 7, 8",https://www.johnlewis.com/john-lewis-presley-leather-ruched-kitten-heel-ankle-boots-black/p113034274,New,2025-09-14 15:22:20,https://media.johnlewiscontent.com/i/JohnLewis/009208567,Boots,None
112223821,"John Lewis Pitch Leather Sleek Lace Up Kitten Heel Boots, Black",46.50,155.00,70.00,In Stock,5,https://www.johnlewis.com/john-lewis-pitch-leather-sleek-lace-up-kitten-heel-boots-black/p112223821,New,2025-09-14 15:22:24,https://media.johnlewiscontent.com/i/JohnLewis/008866116,Boots,None
111914847,"John Lewis Pyra Leather Chunky Biker Lace Up Ankle Boots, Black",64.50,129.00,50.00,In Stock,"3, 5, 6, 8",https://www.johnlewis.com/john-lewis-pyra-leather-chunky-biker-lace-up-ankle-boots-black/p111914847,New,2025-09-14 15:22:27,https://media.johnlewiscontent.com/i/JohnLewis/008443868,Boots,None
111914846,"John Lewis Points Leather Chunky Biker Chelsea Boots, Black",62.50,125.00,50.00,In Stock,"3, 6, 7, 8",https://www.johnlewis.com/john-lewis-points-leather-chunky-biker-chelsea-boots-black/p111914846,New,2025-09-14 15:22:30,https://media.johnlewiscontent.com/i/JohnLewis/008443867,Boots,None
111159581,"John Lewis Sourdough Baking Print Cotton Tea Towel, Multi",1.00,5.00,80.00,In Stock,One Size,https://www.johnlewis.com/john-lewis-sourdough-baking-print-cotton-tea-towel-multi/p111159581,New,2025-09-14 17:44:48,https://media.johnlewiscontent.com/i/JohnLewis/111112930,John Lewis Branded,None
5907570,John Lewis Enamel Sugar Canister,2.00,8.00,75.00,In Stock,One Size,https://www.johnlewis.com/john-lewis-enamel-sugar-canister/p5907570,New,2025-09-14 17:44:51,https://media.johnlewiscontent.com/i/JohnLewis/239864808,John Lewis Branded,None
112327556,"John Lewis Fluffy Lounge Socks, Pack of 2",3.00,12.00,75.00,In Stock,One Size,https://www.johnlewis.com/john-lewis-fluffy-lounge-socks-pack-of-2/p112327556,New,2025-09-14 17:44:55,https://media.johnlewiscontent.com/i/JohnLewis/111896975,John Lewis Branded,"Blue/Creamselected, Caramel/Cream"
111754060,"John Lewis Layered Trees Metallic Gin Cocktail Balloon Glass, 710ml, Silver",3.50,14.00,75.00,In Stock,One Size,https://www.johnlewis.com/john-lewis-layered-trees-metallic-gin-cocktail-balloon-glass-710ml-silver/p111754060,New,2025-09-14 17:44:58,https://media.johnlewiscontent.com/i/JohnLewis/111715335alt2,John Lewis Branded,None
111728378,"John Lewis Star Quilted Cotton Placemat, Blue",4.00,16.00,75.00,In Stock,One Size,https://www.johnlewis.com/john-lewis-star-quilted-cotton-placemat-blue/p111728378,New,2025-09-14 17:45:01,https://media.johnlewiscontent.com/i/JohnLewis/111685144,John Lewis Branded,None
111797592,John Lewis Balloon Letter Bauble,1.00,4.00,75.00,Out of Stock,"Hcurrently unavailable, Ocurrently unavailable, Qcurrently unavailable, Ucurrently unavailable, V, Ycurrently unavailable",https://www.johnlewis.com/john-lewis-balloon-letter-bauble/p111797592,New,2025-09-14 17:45:04,https://media.johnlewiscontent.com/i/JohnLewis/111738966,John Lewis Branded,None
112327559,John Lewis Chunky Ribbed Lounge Socks,3.00,12.00,75.00,In Stock,One Size,https://www.johnlewis.com/john-lewis-chunky-ribbed-lounge-socks/p112327559,New,2025-09-14 17:45:07,https://media.johnlewiscontent.com/i/JohnLewis/111896974,John Lewis Branded,None
111754054,"John Lewis Layered Trees Metallic Cocktail Coupe Glass, 280ml, Silver",3.50,14.00,75.00,In Stock,One Size,https://www.johnlewis.com/john-lewis-layered-trees-metallic-cocktail-coupe-glass-280ml-silver/p111754054,New,2025-09-14 17:45:10,https://media.johnlewiscontent.com/i/JohnLewis/111715321alt2,John Lewis Branded,None
112048992,"John Lewis Freja Furnishing Fabric, Cinnabar",10.00,35.00,71.43,In Stock,One Size,https://www.johnlewis.com/john-lewis-freja-furnishing-fabric-cinnabar/p112048992,New,2025-09-14 17:45:14,https://media.johnlewiscontent.com/i/JohnLewis/111366178,John Lewis Branded,None
111669234,"John Lewis Sparkle Cotton Blend Napkins, Set of 4, Red",4.00,14.00,71.43,In Stock,One Size,https://www.johnlewis.com/john-lewis-sparkle-cotton-blend-napkins-set-of-4-red/p111669234,New,2025-09-14 17:45:17,https://media.johnlewiscontent.com/i/JohnLewis/111619730,John Lewis Branded,None
3241531,"John Lewis 15 Denier Sleek Tights, Pack of 1",2.00,7.00,71.43,In Stock,XL,https://www.johnlewis.com/john-lewis-15-denier-sleek-tights-pack-of-1/p3241531,New,2025-09-14 17:45:20,https://media.johnlewiscontent.com/i/JohnLewis/003218661,John Lewis Branded,None
112639736,"John Lewis Stackable Plastic Picnic Wine Glass, Set of 4, 250ml, Azure",4.00,14.00,71.43,In Stock,One Size,https://www.johnlewis.com/john-lewis-stackable-plastic-picnic-wine-glass-set-of-4-250ml-azure/p112639736,New,2025-09-14 17:45:23,https://media.johnlewiscontent.com/i/JohnLewis/112596083,John Lewis Branded,None
111669182,"John Lewis Knitted Berry Napkin Rings, Set of 4, Red",4.00,14.00,71.43,In Stock,One Size,https://www.johnlewis.com/john-lewis-knitted-berry-napkin-rings-set-of-4-red/p111669182,New,2025-09-14 17:45:26,https://media.johnlewiscontent.com/i/JohnLewis/111619728,John Lewis Branded,None
111677398,"John Lewis Christmas Candy Cane Naughty Or Nice Wine Glass Charms, Set of 6",2.00,7.00,71.43,In Stock,One Size,https://www.johnlewis.com/john-lewis-christmas-candy-cane-naughty-or-nice-wine-glass-charms-set-of-6/p111677398,New,2025-09-14 17:45:29,https://media.johnlewiscontent.com/i/JohnLewis/111659807,John Lewis Branded,None
111677401,"John Lewis Naughty or Nice Candy Cane Wine Charm, Set of 6, Multi",2.00,7.00,71.43,In Stock,One Size,https://www.johnlewis.com/john-lewis-naughty-or-nice-candy-cane-wine-charm-set-of-6-multi/p111677401,New,2025-09-14 17:45:32,https://media.johnlewiscontent.com/i/JohnLewis/111659808,John Lewis Branded,None
111796318,"John Lewis Pinecone Napkin Rings, Set of 4, Gold",4.00,14.00,71.43,In Stock,One Size,https://www.johnlewis.com/john-lewis-pinecone-napkin-rings-set-of-4-gold/p111796318,New,2025-09-14 17:45:35,https://media.johnlewiscontent.com/i/JohnLewis/111735360,John Lewis Branded,None
112849813,"John Lewis Tailored Wide Leg Jeans, Blue",20.00,69.00,71.01,Out of Stock,"14currently unavailable, 16",https://www.johnlewis.com/john-lewis-tailored-wide-leg-jeans-blue/p112849813,New,2025-09-14 17:45:38,https://media.johnlewiscontent.com/i/JohnLewis/009176384,John Lewis Branded,None
111918509,"John Lewis Boucle Bomber Jacket, Dark Grey",10.50,36.00,70.83,In Stock,9 years,https://www.johnlewis.com/john-lewis-boucle-bomber-jacket-dark-grey/p111918509,New,2025-09-14 17:45:41,https://media.johnlewiscontent.com/i/JohnLewis/008445794,John Lewis Branded,None
113373832,"John Lewis Vita Mineral Print Trousers, Green/Multi",28.00,95.00,70.53,In Stock,"12, 14, 16",https://www.johnlewis.com/john-lewis-vita-mineral-print-trousers-green-multi/p113373832,New,2025-09-14 17:45:44,https://media.johnlewiscontent.com/i/JohnLewis/009464706,John Lewis Branded,None
113600996,"John Lewis Editions Side Pleat Tailored Trousers, Buttermilk",44.00,149.00,70.47,In Stock,"8, 10, 12, 14, 16",https://www.johnlewis.com/john-lewis-editions-side-pleat-tailored-trousers-buttermilk/p113600996,New,2025-09-14 17:45:47,https://media.johnlewiscontent.com/i/JohnLewis/009399366,John Lewis Branded,None
113600995,"John Lewis Editions Tie Waist Tailored Jacket, Buttermilk",74.00,249.00,70.28,In Stock,"8, 10, 12, 14, 18",https://www.johnlewis.com/john-lewis-editions-tie-waist-tailored-jacket-buttermilk/p113600995,New,2025-09-14 17:45:50,https://media.johnlewiscontent.com/i/JohnLewis/009399361,John Lewis Branded,None
111891573,John Lewis Harrie Leather T-Bar Mary Jane Ballerina Pumps,19.50,65.00,70.00,In Stock,"3, 4, 5, 6",https://www.johnlewis.com/john-lewis-harrie-leather-t-bar-mary-jane-ballerina-pumps/p111891573,New,2025-09-14 17:45:53,https://media.johnlewiscontent.com/i/JohnLewis/008431682,John Lewis Branded,None
113207125,"John Lewis Noa Mesh Square Toe Mary Jane Espadrille Sandals, Black",25.50,85.00,70.00,In Stock,"3, 4, 5, 6, 7, 8",https://www.johnlewis.com/john-lewis-noa-mesh-square-toe-mary-jane-espadrille-sandals-black/p113207125,New,2025-09-14 17:45:56,https://media.johnlewiscontent.com/i/JohnLewis/009286983,John Lewis Branded,None
111754070,"John Lewis Candy Cane Metallic Glass Tumbler, 550ml, Multi",3.00,10.00,70.00,In Stock,One Size,https://www.johnlewis.com/john-lewis-candy-cane-metallic-glass-tumbler-550ml-multi/p111754070,New,2025-09-14 17:45:59,https://media.johnlewiscontent.com/i/JohnLewis/111715473,John Lewis Branded,None
113157993,John Lewis Jersey Suede Triple Strap Block Heel Sandals,28.50,95.00,70.00,In Stock,"5, 6, 7",https://www.johnlewis.com/john-lewis-jersey-suede-triple-strap-block-heel-sandals/p113157993,New,2025-09-14 17:46:02,https://media.johnlewiscontent.com/i/JohnLewis/009307014,John Lewis Branded,None
111647647,John Lewis Matt Black Towel Ring,7.50,25.00,70.00,In Stock,One Size,https://www.johnlewis.com/john-lewis-matt-black-towel-ring/p111647647,New,2025-09-14 17:46:05,https://media.johnlewiscontent.com/i/JohnLewis/111546346,John Lewis Branded,None
111143880,"John Lewis Gift Bow & Twine Set, Rose Gold",0.90,3.00,70.00,In Stock,One Size,https://www.johnlewis.com/john-lewis-gift-bow-twine-set-rose-gold/p111143880,New,2025-09-14 17:46:07,https://media.johnlewiscontent.com/i/JohnLewis/110964604,John Lewis Branded,None
112512889,"John Lewis Wooden Easter Character Hanging Decorations, Pack of 8",1.50,5.00,70.00,In Stock,One Size,https://www.johnlewis.com/john-lewis-wooden-easter-character-hanging-decorations-pack-of-8/p112512889,New,2025-09-14 17:46:11,https://media.johnlewiscontent.com/i/JohnLewis/112451878,John Lewis Branded,None
6151582,John Lewis A5 Colour Block Initial Notebook,4.20,14.00,70.00,In Stock,One Size,https://www.johnlewis.com/john-lewis-a5-colour-block-initial-notebook/p6151582,New,2025-09-14 17:46:14,https://media.johnlewiscontent.com/i/JohnLewis/241029201,John Lewis Branded,"Bselected, D, E, H, K, N, R, T"
112857604,"John Lewis Cotton Modal Blend Jacquard Towelling Short Sleeve Shirt, Navy",13.50,45.00,70.00,In Stock,S,https://www.johnlewis.com/john-lewis-cotton-modal-blend-jacquard-towelling-short-sleeve-shirt-navy/p112857604,New,2025-09-14 17:46:17,https://media.johnlewiscontent.com/i/JohnLewis/009139271,John Lewis Branded,None
112512890,"John Lewis Felt Eggs Hanging Decoration, Pack of 4",3.00,10.00,70.00,In Stock,One Size,https://www.johnlewis.com/john-lewis-felt-eggs-hanging-decoration-pack-of-4/p112512890,New,2025-09-14 17:46:20,https://media.johnlewiscontent.com/i/JohnLewis/112451875,John Lewis Branded,None
112512970,"John Lewis Organic Cotton Pinstripe Boxer Shorts, Pack of 3, Blue Mid",8.40,28.00,70.00,In Stock,S,https://www.johnlewis.com/john-lewis-organic-cotton-pinstripe-boxer-shorts-pack-of-3-blue-mid/p112512970,New,2025-09-14 17:46:23,https://media.johnlewiscontent.com/i/JohnLewis/007039945,John Lewis Branded,None
6196353,John Lewis Succulent in Ceramic Dog Pot,1.80,6.00,70.00,In Stock,One Size,https://www.johnlewis.com/john-lewis-succulent-in-ceramic-dog-pot/p6196353,New,2025-09-14 17:46:26,https://media.johnlewiscontent.com/i/JohnLewis/241081989,John Lewis Branded,None
112147167,"John Lewis Fleece Ribbed Lounge Socks, Multi",6.00,20.00,70.00,In Stock,S-M,https://www.johnlewis.com/john-lewis-fleece-ribbed-lounge-socks-multi/p112147167,New,2025-09-14 17:46:29,https://media.johnlewiscontent.com/i/JohnLewis/008826031,John Lewis Branded,None
111556932,"John Lewis Modernist Single Towel Rail, Silver",13.50,45.00,70.00,In Stock,One Size,https://www.johnlewis.com/john-lewis-modernist-single-towel-rail-silver/p111556932,New,2025-09-14 17:46:32,https://media.johnlewiscontent.com/i/JohnLewis/111499348,John Lewis Branded,None
112711541,"John Lewis Resort Collection Inky Leaf Print Linen Blend Trousers, Natural",15.00,50.00,70.00,In Stock,"S, M, L, XL",https://www.johnlewis.com/john-lewis-resort-collection-inky-leaf-print-linen-blend-trousers-natural/p112711541,New,2025-09-14 17:46:35,https://media.johnlewiscontent.com/i/JohnLewis/009255852,John Lewis Branded,None
111755443,"John Lewis Double Poinsettia Stem, Red",2.70,9.00,70.00,In Stock,One Size,https://www.johnlewis.com/john-lewis-double-poinsettia-stem-red/p111755443,New,2025-09-14 17:46:40,https://media.johnlewiscontent.com/i/JohnLewis/111735095,John Lewis Branded,None
113012962,"John Lewis Abbie Polka Dot Fascinator, Navy",25.50,85.00,70.00,In Stock,One Size,https://www.johnlewis.com/john-lewis-abbie-polka-dot-fascinator-navy/p113012962,New,2025-09-14 17:46:43,https://media.johnlewiscontent.com/i/JohnLewis/112628524,John Lewis Branded,None
1767506,"John Lewis Wood Curtain Rings, Dia.35mm, Set of 6",3.60,12.00,70.00,In Stock,One Size,https://www.johnlewis.com/john-lewis-wood-curtain-rings-dia-35mm-set-of-6/putty/p1767506,New,2025-09-14 17:46:46,https://media.johnlewiscontent.com/i/JohnLewis/238074119,John Lewis Branded,"Puttyselected, Espressocurrently unavailable"
110489171,John Lewis Warm & Cosy Brushed Cotton Fitted Sheet,5.40,18.00,70.00,In Stock,Single,https://www.johnlewis.com/john-lewis-warm-cosy-brushed-cotton-fitted-sheet/p110489171,New,2025-09-14 17:46:50,https://media.johnlewiscontent.com/i/JohnLewis/006570703,John Lewis Branded,"Latte, Dove Grey, White, Bluestone, MerlotReducedselected"
112454220,John Lewis Painted Glass Egg Decoration,1.50,5.00,70.00,In Stock,One Size,https://www.johnlewis.com/john-lewis-painted-glass-egg-decoration/p112454220,New,2025-09-14 17:46:52,https://media.johnlewiscontent.com/i/JohnLewis/112373728,John Lewis Branded,None
112686464,John Lewis Ruffle Scarf,8.70,29.00,70.00,In Stock,One Size,https://www.johnlewis.com/john-lewis-ruffle-scarf/p112686464,New,2025-09-14 17:46:56,https://media.johnlewiscontent.com/i/JohnLewis/112662808,John Lewis Branded,None
111728414,"John Lewis Trinket & Treasure Snowflake Gift Tags, Pack of 12",1.05,3.50,70.00,In Stock,One Size,https://www.johnlewis.com/john-lewis-trinket-treasure-snowflake-gift-tags-pack-of-12/p111728414,New,2025-09-14 17:46:59,https://media.johnlewiscontent.com/i/JohnLewis/111632659,John Lewis Branded,None
111647650,"John Lewis Corner Shower Basket, Matt Black",10.50,35.00,70.00,In Stock,One Size,https://www.johnlewis.com/john-lewis-corner-shower-basket-matt-black/p111647650,New,2025-09-14 17:47:02,https://media.johnlewiscontent.com/i/JohnLewis/111546355,John Lewis Branded,None
112742209,"John Lewis Resort Collection Cotton Knitted Vest, Pearl",10.50,35.00,70.00,In Stock,"L, XL",https://www.johnlewis.com/john-lewis-resort-collection-cotton-knitted-vest-pearl/p112742209,New,2025-09-14 17:47:05,https://media.johnlewiscontent.com/i/JohnLewis/009275185,John Lewis Branded,None
6332851,"John Lewis Paper Metallic Gift Bows, Pack of 3",1.20,4.00,70.00,In Stock,One Size,https://www.johnlewis.com/john-lewis-paper-metallic-gift-bows-pack-of-3/p6332851,New,2025-09-14 17:47:08,https://media.johnlewiscontent.com/i/JohnLewis/109374767,John Lewis Branded,None
6323805,"John Lewis Modernist Metal Towel Rail, Silver",12.00,40.00,70.00,In Stock,One Size,https://www.johnlewis.com/john-lewis-modernist-metal-towel-rail-silver/p6323805,New,2025-09-14 17:47:11,https://media.johnlewiscontent.com/i/JohnLewis/109302681,John Lewis Branded,None
112140461,John Lewis Diamond Knit Lounge Socks,6.60,22.00,70.00,In Stock,One Size,https://www.johnlewis.com/john-lewis-diamond-knit-lounge-socks/p112140461,New,2025-09-14 17:47:14,https://media.johnlewiscontent.com/i/JohnLewis/111896952,John Lewis Branded,"Evergreenselected, Mocha"
112871432,"John Lewis Single Breasted Wool Suit Jacket, Pink",45.00,150.00,70.00,In Stock,"10, 12, 14, 16",https://www.johnlewis.com/john-lewis-single-breasted-wool-suit-jacket-pink/p112871432,New,2025-09-14 17:47:17,https://media.johnlewiscontent.com/i/JohnLewis/009048949,John Lewis Branded,None
111662851,John Lewis Reversible Stripe Towels,4.50,15.00,70.00,In Stock,Hand Towel,https://www.johnlewis.com/john-lewis-reversible-stripe-towels/green/p111662851,New,2025-09-14 17:47:20,https://media.johnlewiscontent.com/i/JohnLewis/008291628,John Lewis Branded,"Greenselected, Neutralcurrently unavailable"
113046278,"John Lewis Myrtle Fishnet Block Heel Open Court Shoes, Black",29.70,99.00,70.00,In Stock,8,https://www.johnlewis.com/john-lewis-myrtle-fishnet-block-heel-open-court-shoes-black/p113046278,New,2025-09-14 17:47:23,https://media.johnlewiscontent.com/i/JohnLewis/009365644,John Lewis Branded,None
112857605,"John Lewis Cotton Modal Blend Towelling Short Sleeve Shirt, Stone",12.00,40.00,70.00,In Stock,"S, M, XL",https://www.johnlewis.com/john-lewis-cotton-modal-blend-towelling-short-sleeve-shirt-stone/p112857605,New,2025-09-14 17:47:26,https://media.johnlewiscontent.com/i/JohnLewis/009139264,John Lewis Branded,None
113007818,John Lewis Baseball Cap,7.50,25.00,70.00,In Stock,One Size,https://www.johnlewis.com/john-lewis-baseball-cap/p113007818,New,2025-09-14 17:47:29,https://media.johnlewiscontent.com/i/JohnLewis/112726192,John Lewis Branded,None
112453978,"John Lewis Floral/Easter Character Egg Hanging Decoration, Pack of 12",3.00,10.00,70.00,In Stock,One Size,https://www.johnlewis.com/john-lewis-floral-easter-character-egg-hanging-decoration-pack-of-12/p112453978,New,2025-09-14 17:47:32,https://media.johnlewiscontent.com/i/JohnLewis/112373724,John Lewis Branded,None
111728422,"John Lewis Velvet Gift Bow, Green",1.50,5.00,70.00,In Stock,One Size,https://www.johnlewis.com/john-lewis-velvet-gift-bow-green/p111728422,New,2025-09-14 17:47:35,https://media.johnlewiscontent.com/i/JohnLewis/111632735,John Lewis Branded,None
113065767,John Lewis Liliana Leather Square Toe Roman Fisherman Sandals,25.50,85.00,70.00,In Stock,"5, 8",https://www.johnlewis.com/john-lewis-liliana-leather-square-toe-roman-fisherman-sandals/p113065767,New,2025-09-14 17:47:38,https://media.johnlewiscontent.com/i/JohnLewis/009208694,John Lewis Branded,"Chocolateselected, Off White"
3909437,John Lewis Orla Slip On Platform Moccasins,23.70,79.00,70.00,In Stock,3,https://www.johnlewis.com/john-lewis-orla-slip-on-platform-moccasins/p3909437,New,2025-09-14 17:47:41,https://media.johnlewiscontent.com/i/JohnLewis/003514035,John Lewis Branded,None
112472736,"John Lewis Geo Print Swim Shorts, Red Multi",10.50,35.00,70.00,In Stock,XL,https://www.johnlewis.com/john-lewis-geo-print-swim-shorts-red-multi/p112472736,New,2025-09-14 17:47:44,https://media.johnlewiscontent.com/i/JohnLewis/009079601,John Lewis Branded,None
111728433,John Lewis Sugar & Spice Giant Bow,1.20,4.00,70.00,In Stock,One Size,https://www.johnlewis.com/john-lewis-sugar-spice-giant-bow/p111728433,New,2025-09-14 17:47:47,https://media.johnlewiscontent.com/i/JohnLewis/111632717alt1,John Lewis Branded,None
112711285,"John Lewis Resort Collection Elysium Floral Print Linen Blend Short Sleeve Shirt, Multi",14.70,49.00,70.00,Out of Stock,"Lcurrently unavailable, XL",https://www.johnlewis.com/john-lewis-resort-collection-elysium-floral-print-linen-blend-short-sleeve-shirt-multi/p112711285,New,2025-09-14 17:47:50,https://media.johnlewiscontent.com/i/JohnLewis/009255708,John Lewis Branded,None
5003234,"John Lewis Grey/Rose Gold/Pink Tissue Paper, Pack of 12",1.20,4.00,70.00,In Stock,One Size,https://www.johnlewis.com/john-lewis-grey-rose-gold-pink-tissue-paper-pack-of-12/p5003234,New,2025-09-14 17:47:54,https://media.johnlewiscontent.com/i/JohnLewis/238723804,John Lewis Branded,None
112512891,John Lewis Happy Easter Wooden Garland,1.80,6.00,70.00,In Stock,One Size,https://www.johnlewis.com/john-lewis-happy-easter-wooden-garland/p112512891,New,2025-09-14 17:47:57,https://media.johnlewiscontent.com/i/JohnLewis/112451850,John Lewis Branded,None
112868739,John Lewis Mali Leather T-Bar Block Heel Casual Sandals,26.70,89.00,70.00,In Stock,3,https://www.johnlewis.com/john-lewis-mali-leather-t-bar-block-heel-casual-sandals/p112868739,New,2025-09-14 17:48:00,https://media.johnlewiscontent.com/i/JohnLewis/009195701,John Lewis Branded,None
111728408,"John Lewis Trinket & Treasure Trees Gift Tags, Pack of 12",1.05,3.50,70.00,In Stock,One Size,https://www.johnlewis.com/john-lewis-trinket-treasure-trees-gift-tags-pack-of-12/p111728408,New,2025-09-14 17:48:03,https://media.johnlewiscontent.com/i/JohnLewis/111632650,John Lewis Branded,None
112476254,John Lewis Felt Chick Hanging Decoration,1.20,4.00,70.00,In Stock,One Size,https://www.johnlewis.com/john-lewis-felt-chick-hanging-decoration/p112476254,New,2025-09-14 17:48:06,https://media.johnlewiscontent.com/i/JohnLewis/112373733,John Lewis Branded,None
111684143,"John Lewis Starry Sky Made to Measure Curtains or Roman Blind, Mist",4.50,15.00,70.00,In Stock,One Size,https://www.johnlewis.com/john-lewis-starry-sky-made-to-measure-curtains-or-roman-blind-mist/p111684143,New,2025-09-14 17:48:08,https://media.johnlewiscontent.com/i/JohnLewis/110807453,John Lewis Branded,None
1437846,"John Lewis Grey Curtain Rings, 35mm, Set of 6",3.60,12.00,70.00,In Stock,One Size,https://www.johnlewis.com/john-lewis-grey-curtain-rings-35mm-set-of-6/p1437846,New,2025-09-14 17:48:11,https://media.johnlewiscontent.com/i/JohnLewis/233528369,John Lewis Branded,None
111491981,John Lewis Astle Jacquard Bedding,4.20,14.00,70.00,In Stock,Standard pillowcase,https://www.johnlewis.com/john-lewis-astle-jacquard-bedding/p111491981,New,2025-09-14 17:48:14,https://media.johnlewiscontent.com/i/JohnLewis/006988281,John Lewis Branded,None
113034268,"John Lewis Lucille Leather Casual Footbed Fisherman Sandals, Black",25.50,85.00,70.00,In Stock,3,https://www.johnlewis.com/john-lewis-lucille-leather-casual-footbed-fisherman-sandals-black/p113034268,New,2025-09-14 17:48:17,https://media.johnlewiscontent.com/i/JohnLewis/009208546,John Lewis Branded,None
112476182,"John Lewis Papier-Mâché Easter Egg Hanging Decoration, Green",1.50,5.00,70.00,In Stock,One Size,https://www.johnlewis.com/john-lewis-papier-mache-easter-egg-hanging-decoration-green/p112476182,New,2025-09-14 17:48:20,https://media.johnlewiscontent.com/i/JohnLewis/112414721,John Lewis Branded,None
112108180,John Lewis Wool Blend With Cashmere Stripe Socks,3.60,12.00,70.00,In Stock,One Size,https://www.johnlewis.com/john-lewis-wool-blend-with-cashmere-stripe-socks/p112108180,New,2025-09-14 17:48:23,https://media.johnlewiscontent.com/i/JohnLewis/112084017,John Lewis Branded,None
111755438,"John Lewis Holly Stem, Silver",2.70,9.00,70.00,In Stock,One Size,https://www.johnlewis.com/john-lewis-holly-stem-silver/p111755438,New,2025-09-14 17:48:26,https://media.johnlewiscontent.com/i/JohnLewis/111735085,John Lewis Branded,None
111647646,John Lewis Matt Black Toilet Roll Holder,6.00,20.00,70.00,In Stock,One Size,https://www.johnlewis.com/john-lewis-matt-black-toilet-roll-holder/p111647646,New,2025-09-14 17:48:29,https://media.johnlewiscontent.com/i/JohnLewis/111546352,John Lewis Branded,None
113085357,"John Lewis Linen Cotton Blend Scarf, Pink/Multi",11.70,39.00,70.00,In Stock,One Size,https://www.johnlewis.com/john-lewis-linen-cotton-blend-scarf-pink-multi/p113085357,New,2025-09-14 17:48:31,https://media.johnlewiscontent.com/i/JohnLewis/112825900,John Lewis Branded,None
112453979,"John Lewis Clear Glass Egg Hanging Decoration, Pack of 4",3.60,12.00,70.00,In Stock,One Size,https://www.johnlewis.com/john-lewis-clear-glass-egg-hanging-decoration-pack-of-4/p112453979,New,2025-09-14 17:48:34,https://media.johnlewiscontent.com/i/JohnLewis/112373725,John Lewis Branded,None
113207144,"John Lewis Knote Slip On Closed Toe Flat Espadrille Sandals, Brown",22.50,75.00,70.00,In Stock,3,https://www.johnlewis.com/john-lewis-knote-slip-on-closed-toe-flat-espadrille-sandals-brown/p113207144,New,2025-09-14 17:48:38,https://media.johnlewiscontent.com/i/JohnLewis/009287049,John Lewis Branded,None
113291645,John Lewis Amber Crinkle Flower Fascinator,22.50,75.00,70.00,In Stock,One Size,https://www.johnlewis.com/john-lewis-amber-crinkle-flower-fascinator/p113291645,New,2025-09-14 17:48:40,https://media.johnlewiscontent.com/i/JohnLewis/112566280,John Lewis Branded,"Whiteselected, Pink"
110377275,John Lewis Plain Leather Keyring Cover,4.50,15.00,70.00,In Stock,One Size,https://www.johnlewis.com/john-lewis-plain-leather-keyring-cover/p110377275,New,2025-09-14 17:48:44,https://media.johnlewiscontent.com/i/JohnLewis/110365778,John Lewis Branded,None
112472738,"John Lewis Floral Border Printed Swim Shorts, Blue Multi",10.50,35.00,70.00,In Stock,S,https://www.johnlewis.com/john-lewis-floral-border-printed-swim-shorts-blue-multi/p112472738,New,2025-09-14 17:48:46,https://media.johnlewiscontent.com/i/JohnLewis/009079277,John Lewis Branded,None
111662910,John Lewis Cotton Stripe Unisex Bathrobe,21.00,70.00,70.00,In Stock,XS-S,https://www.johnlewis.com/john-lewis-cotton-stripe-unisex-bathrobe/p111662910,New,2025-09-14 17:48:49,https://media.johnlewiscontent.com/i/JohnLewis/008289629,John Lewis Branded,"Greenselected, Neutral"
112350005,"John Lewis Wool Blend Rib Mittens, Blue",7.50,25.00,70.00,In Stock,One Size,https://www.johnlewis.com/john-lewis-wool-blend-rib-mittens-blue/p112350005,New,2025-09-14 17:48:52,https://media.johnlewiscontent.com/i/JohnLewis/111867037,John Lewis Branded,None
112259180,John Lewis Leather Flap Over Belt Handbag,25.50,85.00,70.00,In Stock,One Size,https://www.johnlewis.com/john-lewis-leather-flap-over-belt-handbag/p112259180,New,2025-09-14 17:48:55,https://media.johnlewiscontent.com/i/JohnLewis/111491215,John Lewis Branded,None
112476255,John Lewis Felt Vegetable Basket Decoration,1.50,5.00,70.00,In Stock,One Size,https://www.johnlewis.com/john-lewis-felt-vegetable-basket-decoration/p112476255,New,2025-09-14 17:48:58,https://media.johnlewiscontent.com/i/JohnLewis/112373734,John Lewis Branded,None
112512884,John Lewis Felt Daffodil Pot Hanging Decoration,1.50,5.00,70.00,In Stock,One Size,https://www.johnlewis.com/john-lewis-felt-daffodil-pot-hanging-decoration/p112512884,New,2025-09-14 17:49:01,https://media.johnlewiscontent.com/i/JohnLewis/112451891,John Lewis Branded,None
6332853,"John Lewis Neon Tissue Paper, Pack of 12",1.20,4.00,70.00,In Stock,One Size,https://www.johnlewis.com/john-lewis-neon-tissue-paper-pack-of-12/p6332853,New,2025-09-14 17:49:04,https://media.johnlewiscontent.com/i/JohnLewis/109374764,John Lewis Branded,None
113332499,"John Lewis Vita Ombre Scarf, Multi",11.70,39.00,70.00,In Stock,One Size,https://www.johnlewis.com/john-lewis-vita-ombre-scarf-multi/p113332499,New,2025-09-14 17:49:08,https://media.johnlewiscontent.com/i/JohnLewis/112563034,John Lewis Branded,None
111143851,"John Lewis Bee Round Gift Tags, Pack of 3, Multi",0.75,2.50,70.00,In Stock,One Size,https://www.johnlewis.com/john-lewis-bee-round-gift-tags-pack-of-3-multi/p111143851,New,2025-09-14 17:49:11,https://media.johnlewiscontent.com/i/JohnLewis/110964614,John Lewis Branded,None
111458176,"John Lewis Paper Mache Hen Decoration, Multi",2.40,8.00,70.00,In Stock,One Size,https://www.johnlewis.com/john-lewis-paper-mache-hen-decoration-multi/p111458176,New,2025-09-14 17:49:14,https://media.johnlewiscontent.com/i/JohnLewis/111429562,John Lewis Branded,None
4897687,John Lewis Basket Weave Pair Blackout/Thermal Lined Eyelet Curtains,36.00,120.00,70.00,In Stock,One Size,https://www.johnlewis.com/john-lewis-basket-weave-pair-blackout-thermal-lined-eyelet-curtains/p4897687,New,2025-09-14 17:49:17,https://media.johnlewiscontent.com/i/JohnLewis/238585253alt10,John Lewis Branded,"Greyselected, Blue Grey, Mocha"
112996538,"John Lewis Resort Collection Seersucker Palm Print Short Sleeve Shirt, Yellow Multi",13.50,45.00,70.00,In Stock,"S, L",https://www.johnlewis.com/john-lewis-resort-collection-seersucker-palm-print-short-sleeve-shirt-yellow-multi/p112996538,New,2025-09-14 17:49:22,https://media.johnlewiscontent.com/i/JohnLewis/009125977,John Lewis Branded,None
112519551,"John Lewis Fringed Wool Scarf, Black",14.70,49.00,70.00,In Stock,One Size,https://www.johnlewis.com/john-lewis-fringed-wool-scarf-black/p112519551,New,2025-09-14 17:49:25,https://media.johnlewiscontent.com/i/JohnLewis/112354607,John Lewis Branded,None
113106675,"John Lewis Anya Woven Pillbox Fascinator, Black/Ivory",13.50,45.00,70.00,In Stock,One Size,https://www.johnlewis.com/john-lewis-anya-woven-pillbox-fascinator-black-ivory/p113106675,New,2025-09-14 17:49:28,https://media.johnlewiscontent.com/i/JohnLewis/112628538,John Lewis Branded,None
112350016,John Lewis Fluffy Knit Wool Blend Plain Scarf,13.50,45.00,70.00,In Stock,One Size,https://www.johnlewis.com/john-lewis-fluffy-knit-wool-blend-plain-scarf/p112350016,New,2025-09-14 17:49:31,https://media.johnlewiscontent.com/i/JohnLewis/111865498,John Lewis Branded,None
112409896,"John Lewis Jute Hanging Bunny Ears, Pack of 4",4.50,15.00,70.00,In Stock,One Size,https://www.johnlewis.com/john-lewis-jute-hanging-bunny-ears-pack-of-4/p112409896,New,2025-09-14 17:49:34,https://media.johnlewiscontent.com/i/JohnLewis/112374282,John Lewis Branded,None
6435659,John Lewis Stainless Steel Mug Tree,6.00,20.00,70.00,In Stock,One Size,https://www.johnlewis.com/john-lewis-stainless-steel-mug-tree/p6435659,New,2025-09-14 17:49:37,https://media.johnlewiscontent.com/i/JohnLewis/109945526,John Lewis Branded,None
112504742,John Lewis Plush Chick Bag,2.10,7.00,70.00,In Stock,One Size,https://www.johnlewis.com/john-lewis-plush-chick-bag/p112504742,New,2025-09-14 17:49:40,https://media.johnlewiscontent.com/i/JohnLewis/112475253,John Lewis Branded,None
111684348,"John Lewis Starry Sky Made to Measure Curtains or Roman Blind, Marshmallow",4.50,15.00,70.00,In Stock,One Size,https://www.johnlewis.com/john-lewis-starry-sky-made-to-measure-curtains-or-roman-blind-marshmallow/p111684348,New,2025-09-14 17:49:43,https://media.johnlewiscontent.com/i/JohnLewis/110807452,John Lewis Branded,None
111143848,"John Lewis Raffia Gift Twines, Pack of 11, Multi",3.00,10.00,70.00,In Stock,One Size,https://www.johnlewis.com/john-lewis-raffia-gift-twines-pack-of-11-multi/p111143848,New,2025-09-14 17:49:46,https://media.johnlewiscontent.com/i/JohnLewis/110964612,John Lewis Branded,None
111755442,John Lewis Mistletoe Stem,1.80,6.00,70.00,In Stock,One Size,https://www.johnlewis.com/john-lewis-mistletoe-stem/p111755442,New,2025-09-14 17:49:49,https://media.johnlewiscontent.com/i/JohnLewis/111735093,John Lewis Branded,None
112504740,"John Lewis Felt Sheep Bag, White",1.20,4.00,70.00,In Stock,One Size,https://www.johnlewis.com/john-lewis-felt-sheep-bag-white/p112504740,New,2025-09-14 17:49:52,https://media.johnlewiscontent.com/i/JohnLewis/112475251,John Lewis Branded,None
5496218,"John Lewis Wide Fit Penny Patent Leather Moccasins, Black",23.70,79.00,70.00,In Stock,3,https://www.johnlewis.com/john-lewis-wide-fit-penny-patent-leather-moccasins-black/p5496218,New,2025-09-14 17:49:55,https://media.johnlewiscontent.com/i/JohnLewis/005150066,John Lewis Branded,None
6092357,John Lewis Foxlease Wallpaper,12.00,40.00,70.00,In Stock,One Size,https://www.johnlewis.com/john-lewis-foxlease-wallpaper/p6092357,New,2025-09-14 17:49:58,https://media.johnlewiscontent.com/i/JohnLewis/240969555,John Lewis Branded,None
113012966,John Lewis Agatha Woven Fascinator,16.50,55.00,70.00,In Stock,One Size,https://www.johnlewis.com/john-lewis-agatha-woven-fascinator/p113012966,New,2025-09-14 17:50:01,https://media.johnlewiscontent.com/i/JohnLewis/112628527,John Lewis Branded,"Pink, Light Blueselected"
112472688,"John Lewis Embroidered Shark Swim Shorts, Blue Multi",13.50,45.00,70.00,In Stock,"S, M",https://www.johnlewis.com/john-lewis-embroidered-shark-swim-shorts-blue-multi/p112472688,New,2025-09-14 17:50:05,https://media.johnlewiscontent.com/i/JohnLewis/009079222,John Lewis Branded,None
112500675,"John Lewis Faux Fur Collar Scarf, Black",8.70,29.00,70.00,In Stock,One Size,https://www.johnlewis.com/john-lewis-faux-fur-collar-scarf-black/p112500675,New,2025-09-14 17:50:08,https://media.johnlewiscontent.com/i/JohnLewis/111962777,John Lewis Branded,None
113264916,"John Lewis Resort Collection Embroidered Sun Linen Blend Short Sleeve Shirt, Natural Multi",16.50,55.00,70.00,In Stock,"S, M",https://www.johnlewis.com/john-lewis-resort-collection-embroidered-sun-linen-blend-short-sleeve-shirt-natural-multi/p113264916,New,2025-09-14 17:50:11,https://media.johnlewiscontent.com/i/JohnLewis/009125948,John Lewis Branded,None
113034274,"John Lewis Presley Leather Ruched Kitten Heel Ankle Boots, Black",32.70,109.00,70.00,In Stock,"3, 4, 5, 6, 7, 8",https://www.johnlewis.com/john-lewis-presley-leather-ruched-kitten-heel-ankle-boots-black/p113034274,New,2025-09-14 17:50:14,https://media.johnlewiscontent.com/i/JohnLewis/009208567,John Lewis Branded,None
112652389,"John Lewis Organic Cotton Bandana, Primo Paisley",5.10,17.00,70.00,In Stock,One Size,https://www.johnlewis.com/john-lewis-organic-cotton-bandana-primo-paisley/p112652389,New,2025-09-14 17:50:17,https://media.johnlewiscontent.com/i/JohnLewis/112652334alt1,John Lewis Branded,None
112454214,"John Lewis Floral Egg Hanging Decoration, Pack of 6",1.20,4.00,70.00,In Stock,One Size,https://www.johnlewis.com/john-lewis-floral-egg-hanging-decoration-pack-of-6/p112454214,New,2025-09-14 17:50:19,https://media.johnlewiscontent.com/i/JohnLewis/112373727,John Lewis Branded,None
5301653,"John Lewis Alma Block Heel Court Shoes, Black Suede",26.70,89.00,70.00,In Stock,3,https://www.johnlewis.com/john-lewis-alma-block-heel-court-shoes-black-suede/p5301653,New,2025-09-14 17:50:22,https://media.johnlewiscontent.com/i/JohnLewis/003241944,John Lewis Branded,None
113034255,"John Lewis Fae Leopard Print Lace Up Cupsole Trainers, Brown/Multi",28.50,95.00,70.00,In Stock,7,https://www.johnlewis.com/john-lewis-fae-leopard-print-lace-up-cupsole-trainers-brown-multi/p113034255,New,2025-09-14 17:50:25,https://media.johnlewiscontent.com/i/JohnLewis/009208478,John Lewis Branded,None
111143837,"John Lewis Shredded Tissue Paper, White/Silver",0.90,3.00,70.00,In Stock,One Size,https://www.johnlewis.com/john-lewis-shredded-tissue-paper-white-silver/p111143837,New,2025-09-14 17:50:28,https://media.johnlewiscontent.com/i/JohnLewis/110964647,John Lewis Branded,None
112868729,"John Lewis Aster Floral Mesh Ballerina Pumps, Black",22.50,75.00,70.00,In Stock,3,https://www.johnlewis.com/john-lewis-aster-floral-mesh-ballerina-pumps-black/p112868729,New,2025-09-14 17:50:31,https://media.johnlewiscontent.com/i/JohnLewis/009195639,John Lewis Branded,None
112868734,John Lewis Dallas Leather Ultra Low Kitten Heel Pointed Mule Court Shoes,25.50,85.00,70.00,In Stock,"3, 4",https://www.johnlewis.com/john-lewis-dallas-leather-ultra-low-kitten-heel-pointed-mule-court-shoes/p112868734,New,2025-09-14 17:50:33,https://media.johnlewiscontent.com/i/JohnLewis/009195680,John Lewis Branded,"Blackselected, Off White"
113253254,"John Lewis Cotton Textured Crew Neck Sweatshirt, Moss Gray",14.70,49.00,70.00,In Stock,"M, L",https://www.johnlewis.com/john-lewis-cotton-textured-crew-neck-sweatshirt-moss-gray/p113253254,New,2025-09-14 17:50:36,https://media.johnlewiscontent.com/i/JohnLewis/009142558,John Lewis Branded,None
113034254,"John Lewis Fae Suede Lace Up Cupsole Trainers, Beige/Multi",26.70,89.00,70.00,In Stock,3,https://www.johnlewis.com/john-lewis-fae-suede-lace-up-cupsole-trainers-beige-multi/p113034254,New,2025-09-14 17:50:39,https://media.johnlewiscontent.com/i/JohnLewis/009208474,John Lewis Branded,None
111891571,"John Lewis Ginger Leather Easy Fold Down Pointed Penny Loafers, Black Croc",23.70,79.00,70.00,In Stock,"5, 6",https://www.johnlewis.com/john-lewis-ginger-leather-easy-fold-down-pointed-penny-loafers-black-croc/p111891571,New,2025-09-14 17:50:44,https://media.johnlewiscontent.com/i/JohnLewis/008431687,John Lewis Branded,None
112476252,John Lewis Beaded Bunny Hanging Decoration,1.50,5.00,70.00,In Stock,One Size,https://www.johnlewis.com/john-lewis-beaded-bunny-hanging-decoration/p112476252,New,2025-09-14 17:50:47,https://media.johnlewiscontent.com/i/JohnLewis/112373729,John Lewis Branded,None
5019392,"John Lewis Fuschia/Gold/Purple Tissue Paper, 12 Sheets",1.20,4.00,70.00,In Stock,One Size,https://www.johnlewis.com/john-lewis-fuschia-gold-purple-tissue-paper-12-sheets/p5019392,New,2025-09-14 17:50:50,https://media.johnlewiscontent.com/i/JohnLewis/238744614,John Lewis Branded,None
112454901,John Lewis Refillable Plastic Eggs,1.50,5.00,70.00,In Stock,One Size,https://www.johnlewis.com/john-lewis-refillable-plastic-eggs/p112454901,New,2025-09-14 17:50:53,https://media.johnlewiscontent.com/i/JohnLewis/112373709,John Lewis Branded,None
113130061,"John Lewis Lou Lou Leather Footbed Strappy Sandals, Pale Blue",25.50,85.00,70.00,In Stock,3,https://www.johnlewis.com/john-lewis-lou-lou-leather-footbed-strappy-sandals-pale-blue/p113130061,New,2025-09-14 17:50:57,https://media.johnlewiscontent.com/i/JohnLewis/009365573,John Lewis Branded,None
112472742,"John Lewis Embroidered Angel Fish Swim Shorts, Navy Multi",13.50,45.00,70.00,In Stock,"S, M, L, XL",https://www.johnlewis.com/john-lewis-embroidered-angel-fish-swim-shorts-navy-multi/p112472742,New,2025-09-14 17:51:00,https://media.johnlewiscontent.com/i/JohnLewis/009079594,John Lewis Branded,None
113264914,"John Lewis Resort Collection Embroidered Palm Linen Blend Short Sleeve Shirt, Green Multi",16.50,55.00,70.00,In Stock,"S, L, XL",https://www.johnlewis.com/john-lewis-resort-collection-embroidered-palm-linen-blend-short-sleeve-shirt-green-multi/p113264914,New,2025-09-14 17:51:03,https://media.johnlewiscontent.com/i/JohnLewis/009125949,John Lewis Branded,None
110272931,"John Lewis Velvet Ribbon, Set of 2, 5m",2.10,7.00,70.00,In Stock,One Size,https://www.johnlewis.com/john-lewis-velvet-ribbon-set-of-2-5m/p110272931,New,2025-09-14 17:51:20,https://media.johnlewiscontent.com/i/JohnLewis/110272323,John Lewis Branded,"Navy, Blackselected"
113332493,"John Lewis Aria Botanical Linen Rich Scarf, Orange",11.70,39.00,70.00,In Stock,One Size,https://www.johnlewis.com/john-lewis-aria-botanical-linen-rich-scarf-orange/p113332493,New,2025-09-14 17:51:24,https://media.johnlewiscontent.com/i/JohnLewis/112563015,John Lewis Branded,None
112742210,"John Lewis Resort Collection Cotton Knitted Long Sleeve T-Shirt, Green Light",13.50,45.00,70.00,In Stock,"M, L, XL",https://www.johnlewis.com/john-lewis-resort-collection-cotton-knitted-long-sleeve-t-shirt-green-light/p112742210,New,2025-09-14 17:51:27,https://media.johnlewiscontent.com/i/JohnLewis/009275175,John Lewis Branded,None
111143853,"John Lewis Pastel Paper Gift Bows, Pack of 4, Multi",2.40,8.00,70.00,In Stock,One Size,https://www.johnlewis.com/john-lewis-pastel-paper-gift-bows-pack-of-4-multi/p111143853,New,2025-09-14 17:51:29,https://media.johnlewiscontent.com/i/JohnLewis/110964601,John Lewis Branded,None
6332890,John Lewis Bow & Twine Gift Wrap Set,0.90,3.00,70.00,In Stock,One Size,https://www.johnlewis.com/john-lewis-bow-twine-gift-wrap-set/p6332890,New,2025-09-14 17:51:33,https://media.johnlewiscontent.com/i/JohnLewis/109374375,John Lewis Branded,"Blueselected, Pink"
110845136,John Lewis Bubble Detail Lounge Bootie,6.60,22.00,70.00,In Stock,One Size,https://www.johnlewis.com/john-lewis-bubble-detail-lounge-bootie/p110845136,New,2025-09-14 17:51:35,https://media.johnlewiscontent.com/i/JohnLewis/110538754,John Lewis Branded,None
3575060,John Lewis Revolution Multi-Functional Pole System Tension Wire,6.00,20.00,70.00,In Stock,One Size,https://www.johnlewis.com/john-lewis-revolution-multi-functional-pole-system-tension-wire/p3575060,New,2025-09-14 17:51:42,https://media.johnlewiscontent.com/i/JohnLewis/237553603,John Lewis Branded,None
4895690,John Lewis Viscose Linen Blend Furnishing Fabric,10.50,35.00,70.00,In Stock,One Size,https://www.johnlewis.com/john-lewis-viscose-linen-blend-furnishing-fabric/p4895690,New,2025-09-14 17:51:45,https://media.johnlewiscontent.com/i/JohnLewis/238581631,John Lewis Branded,"Dark Duck EggReducedselected, SageReduced, Putty, Storm, Marshmallow, Rose PinkReduced, Powder BlueReduced"
112223821,"John Lewis Pitch Leather Sleek Lace Up Kitten Heel Boots, Black",46.50,155.00,70.00,In Stock,5,https://www.johnlewis.com/john-lewis-pitch-leather-sleek-lace-up-kitten-heel-boots-black/p112223821,New,2025-09-14 17:51:48,https://media.johnlewiscontent.com/i/JohnLewis/008866116,John Lewis Branded,None
113012971,John Lewis Avery Knotted Headband Fascinator,10.50,35.00,70.00,In Stock,One Size,https://www.johnlewis.com/john-lewis-avery-knotted-headband-fascinator/p113012971,New,2025-09-14 17:51:51,https://media.johnlewiscontent.com/i/JohnLewis/112628534,John Lewis Branded,"Blackselected, Light Pink, Pink"
111387785,"John Lewis Modernist Modular Shelf Unit, Silver",30.00,100.00,70.00,In Stock,One Size,https://www.johnlewis.com/john-lewis-modernist-modular-shelf-unit-silver/p111387785,New,2025-09-14 17:51:54,https://media.johnlewiscontent.com/i/JohnLewis/111321843,John Lewis Branded,None
112512892,John Lewis Felt Bunny and Carrot Easter Garland,4.50,15.00,70.00,In Stock,One Size,https://www.johnlewis.com/john-lewis-felt-bunny-and-carrot-easter-garland/p112512892,New,2025-09-14 17:51:57,https://media.johnlewiscontent.com/i/JohnLewis/112451848,John Lewis Branded,None
112018693,John Lewis Ammie Leather Curve Heel High Vamp Court Shoes,26.70,89.00,70.00,In Stock,"3, 6currently unavailable, 7currently unavailable, 8",https://www.johnlewis.com/john-lewis-ammie-leather-curve-heel-high-vamp-court-shoes/p112018693,New,2025-09-14 17:52:00,https://media.johnlewiscontent.com/i/JohnLewis/008531130,John Lewis Branded,None
113331702,"John Lewis Scallop Kaftan, Lagoon",14.70,49.00,70.00,In Stock,"S, Lcurrently unavailable",https://www.johnlewis.com/john-lewis-scallop-kaftan-lagoon/p113331702,New,2025-09-14 17:52:03,https://media.johnlewiscontent.com/i/JohnLewis/009208825,John Lewis Branded,None
113207146,"John Lewis Knoxx Mary Jane Slingback Wedge Espadrille Sandals, Black",26.70,89.00,70.00,In Stock,"5, 6, 8",https://www.johnlewis.com/john-lewis-knoxx-mary-jane-slingback-wedge-espadrille-sandals-black/p113207146,New,2025-09-14 17:52:06,https://media.johnlewiscontent.com/i/JohnLewis/009287055,John Lewis Branded,None
6325099,John Lewis Trace Wood Block Furnishing Fabric,10.50,35.00,70.00,In Stock,One Size,https://www.johnlewis.com/john-lewis-trace-wood-block-furnishing-fabric/p6325099,New,2025-09-14 17:52:09,https://media.johnlewiscontent.com/i/JohnLewis/109202421,John Lewis Branded,"Duck Egg, Ochre, PlasterReducedselected, Lake Blue"
112018700,"John Lewis Dakota Suede Two Part Block Heel Open Court Shoes, Navy",28.50,95.00,70.00,In Stock,3,https://www.johnlewis.com/john-lewis-dakota-suede-two-part-block-heel-open-court-shoes-navy/p112018700,New,2025-09-14 17:52:12,https://media.johnlewiscontent.com/i/JohnLewis/008531142,John Lewis Branded,None
112500672,John Lewis Large Faux Fur Collar Scarf,11.70,39.00,70.00,In Stock,One Size,https://www.johnlewis.com/john-lewis-large-faux-fur-collar-scarf/p112500672,New,2025-09-14 17:52:15,https://media.johnlewiscontent.com/i/JohnLewis/111962767,John Lewis Branded,"Grey, Gingerselected"
113332497,"John Lewis Sahara Leopard Print Linen Rich Scarf, Multi",11.70,39.00,70.00,In Stock,One Size,https://www.johnlewis.com/john-lewis-sahara-leopard-print-linen-rich-scarf-multi/p113332497,New,2025-09-14 17:52:18,https://media.johnlewiscontent.com/i/JohnLewis/112563029,John Lewis Branded,None
111143860,"John Lewis Mini Fabric Gift Bows, Pack of 3, Multi",1.20,4.00,70.00,In Stock,One Size,https://www.johnlewis.com/john-lewis-mini-fabric-gift-bows-pack-of-3-multi/p111143860,New,2025-09-14 17:52:21,https://media.johnlewiscontent.com/i/JohnLewis/110964605,John Lewis Branded,None
112140488,John Lewis Reindeer Fleece Lined Lounge Socks,4.50,15.00,70.00,In Stock,One Size,https://www.johnlewis.com/john-lewis-reindeer-fleece-lined-lounge-socks/p112140488,New,2025-09-14 17:52:24,https://media.johnlewiscontent.com/i/JohnLewis/111896960,John Lewis Branded,None
111523236,John Lewis Starry Sky Furnishing Fabric,4.50,15.00,70.00,In Stock,One Size,https://www.johnlewis.com/john-lewis-starry-sky-furnishing-fabric/p111523236,New,2025-09-14 17:52:26,https://media.johnlewiscontent.com/i/JohnLewis/110822934,John Lewis Branded,None
110923656,"John Lewis Sail Away Furnishing Fabric, Blue",4.50,15.00,70.00,In Stock,One Size,https://www.johnlewis.com/john-lewis-sail-away-furnishing-fabric-blue/p110923656,New,2025-09-14 17:52:30,https://media.johnlewiscontent.com/i/JohnLewis/110822933,John Lewis Branded,None
6433363,John Lewis August Nubuck Moccasins,25.50,85.00,70.00,In Stock,3,https://www.johnlewis.com/john-lewis-august-nubuck-moccasins/p6433363,New,2025-09-14 17:52:33,https://media.johnlewiscontent.com/i/JohnLewis/006816183alt1,John Lewis Branded,None
110063699,"John Lewis Organic Cotton Mix Ankle Socks, Pack of 3",3.00,10.00,70.00,In Stock,One Size,https://www.johnlewis.com/john-lewis-organic-cotton-mix-ankle-socks-pack-of-3/p110063699,New,2025-09-14 17:52:36,https://media.johnlewiscontent.com/i/JohnLewis/109765073,John Lewis Branded,None
112857602,"John Lewis Cotton Modal Blend Jacquard Towelling Shorts, Navy",10.50,35.00,70.00,In Stock,"S, XL",https://www.johnlewis.com/john-lewis-cotton-modal-blend-jacquard-towelling-shorts-navy/p112857602,New,2025-09-14 17:52:39,https://media.johnlewiscontent.com/i/JohnLewis/009139278,John Lewis Branded,None
113493717,"John Lewis Desert Palm Trousers, Palm",14.70,49.00,70.00,In Stock,"S, Lcurrently unavailable",https://www.johnlewis.com/john-lewis-desert-palm-trousers-palm/p113493717,New,2025-09-14 17:52:42,https://media.johnlewiscontent.com/i/JohnLewis/009208875,John Lewis Branded,None
112223829,"John Lewis Carnation Embellished Minimal Slingback Open Court Shoes, Black/Metallic",29.70,99.00,70.00,In Stock,3,https://www.johnlewis.com/john-lewis-carnation-embellished-minimal-slingback-open-court-shoes-black-metallic/p112223829,New,2025-09-14 17:52:46,https://media.johnlewiscontent.com/i/JohnLewis/008866222,John Lewis Branded,None
3200624,"John Lewis Tissue Paper, 5 Sheets",0.60,2.00,70.00,In Stock,One Size,https://www.johnlewis.com/john-lewis-tissue-paper-5-sheets/p3200624,New,2025-09-14 17:52:48,https://media.johnlewiscontent.com/i/JohnLewis/236527174,John Lewis Branded,None
111053884,John Lewis Felt Carrot Basket,1.20,4.00,70.00,In Stock,One Size,https://www.johnlewis.com/john-lewis-felt-carrot-basket/p111053884,New,2025-09-14 17:52:51,https://media.johnlewiscontent.com/i/JohnLewis/111001172,John Lewis Branded,None
112652391,"John Lewis Organic Cotton Bandana, Mattias Mosaic",5.10,17.00,70.00,In Stock,One Size,https://www.johnlewis.com/john-lewis-organic-cotton-bandana-mattias-mosaic/p112652391,New,2025-09-14 17:52:55,https://media.johnlewiscontent.com/i/JohnLewis/112652333alt1,John Lewis Branded,None
111754071,"John Lewis Stars Metallic Glass Highball, 460ml, Gold",3.00,10.00,70.00,In Stock,One Size,https://www.johnlewis.com/john-lewis-stars-metallic-glass-highball-460ml-gold/p111754071,New,2025-09-14 17:52:57,https://media.johnlewiscontent.com/i/JohnLewis/111715472,John Lewis Branded,None
6323796,"John Lewis Metal Shelf and Hook Unit, Black",12.00,40.00,70.00,In Stock,One Size,https://www.johnlewis.com/john-lewis-metal-shelf-and-hook-unit-black/p6323796,New,2025-09-14 17:53:00,https://media.johnlewiscontent.com/i/JohnLewis/109322665,John Lewis Branded,None
3629792,"John Lewis Lace Trim Foot Socks, Black",1.50,5.00,70.00,In Stock,One Size,https://www.johnlewis.com/john-lewis-lace-trim-foot-socks-black/p3629792,New,2025-09-14 17:53:03,https://media.johnlewiscontent.com/i/JohnLewis/003577115,John Lewis Branded,None
110247573,John Lewis Klo Furnishing Fabric,10.50,35.00,70.00,In Stock,One Size,https://www.johnlewis.com/john-lewis-klo-furnishing-fabric/p110247573,New,2025-09-14 17:53:06,https://media.johnlewiscontent.com/i/JohnLewis/110258539,John Lewis Branded,None
113207127,John Lewis Nova Mesh High Cut Mule Espadrille Sandals,20.70,69.00,70.00,In Stock,"3, 4, 5, 6, 7, 8",https://www.johnlewis.com/john-lewis-nova-mesh-high-cut-mule-espadrille-sandals/p113207127,New,2025-09-14 17:53:09,https://media.johnlewiscontent.com/i/JohnLewis/009286984,John Lewis Branded,"Blackselected, Beige"
112512886,John Lewis Felt Bunny with Daisy Basket Decoration,1.80,6.00,70.00,In Stock,One Size,https://www.johnlewis.com/john-lewis-felt-bunny-with-daisy-basket-decoration/p112512886,New,2025-09-14 17:53:13,https://media.johnlewiscontent.com/i/JohnLewis/112451887,John Lewis Branded,None
113332494,"John Lewis Linen Rich Scarf, Brown",10.50,35.00,70.00,In Stock,One Size,https://www.johnlewis.com/john-lewis-linen-rich-scarf-brown/p113332494,New,2025-09-14 17:53:15,https://media.johnlewiscontent.com/i/JohnLewis/112563026,John Lewis Branded,None
110287145,"John Lewis Space Rockets Furnishing Fabric, Multi",4.50,15.00,70.00,In Stock,One Size,https://www.johnlewis.com/john-lewis-space-rockets-furnishing-fabric-multi/p110287145,New,2025-09-14 17:53:19,https://media.johnlewiscontent.com/i/JohnLewis/110071913,John Lewis Branded,None
112868732,John Lewis Cairo Slingback Ruched Ballerina Court Shoes,26.70,89.00,70.00,In Stock,3,https://www.johnlewis.com/john-lewis-cairo-slingback-ruched-ballerina-court-shoes/p112868732,New,2025-09-14 17:53:22,https://media.johnlewiscontent.com/i/JohnLewis/009195667,John Lewis Branded,None
112476335,"John Lewis Easter Egg Paper Plates, Pack of 8",0.60,2.00,70.00,In Stock,One Size,https://www.johnlewis.com/john-lewis-easter-egg-paper-plates-pack-of-8/p112476335,New,2025-09-14 17:53:25,https://media.johnlewiscontent.com/i/JohnLewis/112397927,John Lewis Branded,None
112504741,John Lewis Felt Easter Egg Basket,1.20,4.00,70.00,In Stock,One Size,https://www.johnlewis.com/john-lewis-felt-easter-egg-basket/p112504741,New,2025-09-14 17:53:28,https://media.johnlewiscontent.com/i/JohnLewis/112475252,John Lewis Branded,None
112992288,"John Lewis Cotton Wool Blend Crew Neck Jumper, Brown",20.70,69.00,70.00,In Stock,XL,https://www.johnlewis.com/john-lewis-cotton-wool-blend-crew-neck-jumper-brown/p112992288,New,2025-09-14 17:53:31,https://media.johnlewiscontent.com/i/JohnLewis/009257029,John Lewis Branded,None
112512887,John Lewis Felt Bunny and Carrot Plane Hanging Decoration,1.80,6.00,70.00,In Stock,One Size,https://www.johnlewis.com/john-lewis-felt-bunny-and-carrot-plane-hanging-decoration/p112512887,New,2025-09-14 17:53:34,https://media.johnlewiscontent.com/i/JohnLewis/112451884,John Lewis Branded,None
111754066,"John Lewis Layered Trees Metallic Glass Tumbler, 375ml, Silver",3.00,10.00,70.00,In Stock,One Size,https://www.johnlewis.com/john-lewis-layered-trees-metallic-glass-tumbler-375ml-silver/p111754066,New,2025-09-14 17:53:37,https://media.johnlewiscontent.com/i/JohnLewis/111715468alt2,John Lewis Branded,None
111826318,"John Lewis Disco Ball Wreath, Dia.40cm",8.40,28.00,70.00,In Stock,One Size,https://www.johnlewis.com/john-lewis-disco-ball-wreath-dia-40cm/p111826318,New,2025-09-14 17:53:40,https://media.johnlewiscontent.com/i/JohnLewis/111735057,John Lewis Branded,None
6332864,"John Lewis Pastel Ombre Scallop Gift Tags, Pack of 3",0.75,2.50,70.00,In Stock,One Size,https://www.johnlewis.com/john-lewis-pastel-ombre-scallop-gift-tags-pack-of-3/p6332864,New,2025-09-14 17:53:43,https://media.johnlewiscontent.com/i/JohnLewis/109374718,John Lewis Branded,None
111143854,"John Lewis Spot Small Gift Bows, Pack of 3, White/Multi",1.20,4.00,70.00,In Stock,One Size,https://www.johnlewis.com/john-lewis-spot-small-gift-bows-pack-of-3-white-multi/p111143854,New,2025-09-14 17:53:46,https://media.johnlewiscontent.com/i/JohnLewis/110964602,John Lewis Branded,None
112350006,"John Lewis Wool Blend Wrist Warmers, Navy",5.70,19.00,70.00,In Stock,One Size,https://www.johnlewis.com/john-lewis-wool-blend-wrist-warmers-navy/p112350006,New,2025-09-14 17:53:49,https://media.johnlewiscontent.com/i/JohnLewis/111867038,John Lewis Branded,None
110287139,John Lewis Recycled Linen Furnishing Fabric,15.00,50.00,70.00,In Stock,One Size,https://www.johnlewis.com/john-lewis-recycled-linen-furnishing-fabric/p110287139,New,2025-09-14 17:53:52,https://media.johnlewiscontent.com/i/JohnLewis/110069461,John Lewis Branded,"CaramelReducedselected, Natural, Avocado, Loch Bluecurrently unavailable"
111815287,"John Lewis Rye Metal Frame Rectangular Wall Mirror, 90 x 60cm",60.00,200.00,70.00,In Stock,One Size,https://www.johnlewis.com/john-lewis-rye-metal-frame-rectangular-wall-mirror-90-x-60cm/p111815287,New,2025-09-14 17:53:55,https://media.johnlewiscontent.com/i/JohnLewis/111782142,John Lewis Branded,None
112355135,"John Lewis Cable Knit Pie Collar Jumper, Sable",20.70,69.00,70.00,In Stock,"L, XXL",https://www.johnlewis.com/john-lewis-cable-knit-pie-collar-jumper-sable/p112355135,New,2025-09-14 17:53:58,https://media.johnlewiscontent.com/i/JohnLewis/008926577,John Lewis Branded,None
113090069,John Lewis Slub Cotton Knit Crew Neck Jumper,17.70,59.00,70.00,Out of Stock,"Scurrently unavailable, XL",https://www.johnlewis.com/john-lewis-slub-cotton-knit-crew-neck-jumper/crown-blue/p113090069,New,2025-09-14 17:54:01,https://media.johnlewiscontent.com/i/JohnLewis/009101871,John Lewis Branded,"Crown Blueselected, Jojoba"
113419235,"John Lewis Aruba Leather Diamanmte T-Bar Square Toe Mary Janes, Black",25.50,85.00,70.00,In Stock,3,https://www.johnlewis.com/john-lewis-aruba-leather-diamanmte-t-bar-square-toe-mary-janes-black/p113419235,New,2025-09-14 17:54:04,https://media.johnlewiscontent.com/i/JohnLewis/009307058,John Lewis Branded,None
112460825,John Lewis Glass Daisy Egg Decoration,1.50,5.00,70.00,In Stock,One Size,https://www.johnlewis.com/john-lewis-glass-daisy-egg-decoration/p112460825,New,2025-09-14 17:54:07,https://media.johnlewiscontent.com/i/JohnLewis/112374293,John Lewis Branded,None
111143862,"John Lewis Fabric Clip Gift Bows, Pack of 3, Multi",1.50,5.00,70.00,In Stock,One Size,https://www.johnlewis.com/john-lewis-fabric-clip-gift-bows-pack-of-3-multi/p111143862,New,2025-09-14 17:54:10,https://media.johnlewiscontent.com/i/JohnLewis/110964606,John Lewis Branded,None
111485753,John Lewis Super 100's Birdseye Regular Suit Waistcoat,24.00,80.00,70.00,In Stock,"42R, 44R, 46R, 48R",https://www.johnlewis.com/john-lewis-super-100s-birdseye-regular-suit-waistcoat/p111485753,New,2025-09-14 17:54:13,https://media.johnlewiscontent.com/i/JohnLewis/006908782,John Lewis Branded,None
110829208,John Lewis Taylor Ponte Trousers,15.00,49.00,69.39,In Stock,20R,https://www.johnlewis.com/john-lewis-taylor-ponte-trousers/p110829208,New,2025-09-14 17:54:15,https://media.johnlewiscontent.com/i/JohnLewis/006457624,John Lewis Branded,None
111668339,"John Lewis Recycled Bubble Glass Tumbler, 230ml, Clear",2.00,6.50,69.23,In Stock,One Size,https://www.johnlewis.com/john-lewis-recycled-bubble-glass-tumbler-230ml-clear/p111668339,New,2025-09-14 17:54:18,https://media.johnlewiscontent.com/i/JohnLewis/111626818,John Lewis Branded,None
112853968,"John Lewis Palm House Recycled Plastic Picnic Cereal Bowl, Set of 4, 15cm, Multi",5.00,16.00,68.75,In Stock,One Size,https://www.johnlewis.com/john-lewis-palm-house-recycled-plastic-picnic-cereal-bowl-set-of-4-15cm-multi/p112853968,New,2025-09-14 17:54:21,https://media.johnlewiscontent.com/i/JohnLewis/112853050,John Lewis Branded,None
111754058,"John Lewis Fancy a Tipple Gin Balloon Glass, 600ml, Multi",2.50,8.00,68.75,In Stock,One Size,https://www.johnlewis.com/john-lewis-fancy-a-tipple-gin-balloon-glass-600ml-multi/p111754058,New,2025-09-14 17:54:24,https://media.johnlewiscontent.com/i/JohnLewis/111715333,John Lewis Branded,None
3485987,"John Lewis Space Glow In The Dark Fleece Throw, Grey",7.00,22.00,68.18,In Stock,One Size,https://www.johnlewis.com/john-lewis-space-glow-in-the-dark-fleece-throw-grey/p3485987,New,2025-09-14 17:54:27,https://media.johnlewiscontent.com/i/JohnLewis/237446180,John Lewis Branded,None
111322974,"John Lewis Icon Glass Pour Over Coffee Maker, 590ml, Clear",10.00,30.00,66.67,In Stock,One Size,https://www.johnlewis.com/john-lewis-icon-glass-pour-over-coffee-maker-590ml-clear/p111322974,New,2025-09-14 17:54:30,https://media.johnlewiscontent.com/i/JohnLewis/111322895,John Lewis Branded,None
112853972,"John Lewis Palm House Recycled Plastic Picnic Dinner Plate, Set of 4, 25cm, Multi",6.00,18.00,66.67,In Stock,One Size,https://www.johnlewis.com/john-lewis-palm-house-recycled-plastic-picnic-dinner-plate-set-of-4-25cm-multi/p112853972,New,2025-09-14 17:54:33,https://media.johnlewiscontent.com/i/JohnLewis/112853020,John Lewis Branded,None
112853967,"John Lewis Palm House Recycled Plastic Picnic Pasta Bowl, Set of 4, 22cm, Multi",6.00,18.00,66.67,In Stock,One Size,https://www.johnlewis.com/john-lewis-palm-house-recycled-plastic-picnic-pasta-bowl-set-of-4-22cm-multi/p112853967,New,2025-09-14 17:54:36,https://media.johnlewiscontent.com/i/JohnLewis/112853052,John Lewis Branded,None
112640155,"John Lewis Extra Large Striped Picnic Rug, Azure",10.00,30.00,66.67,In Stock,One Size,https://www.johnlewis.com/john-lewis-extra-large-striped-picnic-rug-azure/p112640155,New,2025-09-14 17:54:39,https://media.johnlewiscontent.com/i/JohnLewis/112596147,John Lewis Branded,None
112854010,"John Lewis Dolce Vita Recycled Plastic Picnic Dinner Plate, Set of 4, 25cm, Multi",6.00,18.00,66.67,In Stock,One Size,https://www.johnlewis.com/john-lewis-dolce-vita-recycled-plastic-picnic-dinner-plate-set-of-4-25cm-multi/p112854010,New,2025-09-14 17:54:42,https://media.johnlewiscontent.com/i/JohnLewis/112853017,John Lewis Branded,None
112853973,"John Lewis Dolce Vita Recycled Plastic Picnic Dessert Plate, Set of 4, 20cm, Multi",4.00,12.00,66.67,In Stock,One Size,https://www.johnlewis.com/john-lewis-dolce-vita-recycled-plastic-picnic-dessert-plate-set-of-4-20cm-multi/p112853973,New,2025-09-14 17:54:45,https://media.johnlewiscontent.com/i/JohnLewis/112853018,John Lewis Branded,None
112853971,"John Lewis Palm House Recycled Plastic Picnic Side Plate, Set of 4, 20cm, Multi",4.00,12.00,66.67,In Stock,One Size,https://www.johnlewis.com/john-lewis-palm-house-recycled-plastic-picnic-side-plate-set-of-4-20cm-multi/p112853971,New,2025-09-14 17:54:48,https://media.johnlewiscontent.com/i/JohnLewis/112853021,John Lewis Branded,None
112639735,"John Lewis Stackable Plastic Picnic Tumbler, Set of 4, 250ml, Azure",4.00,12.00,66.67,In Stock,One Size,https://www.johnlewis.com/john-lewis-stackable-plastic-picnic-tumbler-set-of-4-250ml-azure/p112639735,New,2025-09-14 17:54:51,https://media.johnlewiscontent.com/i/JohnLewis/112596081,John Lewis Branded,None
112639470,"John Lewis Stackable Plastic Picnic Plate, Set of 4, 23cm, Azure",4.00,12.00,66.67,In Stock,One Size,https://www.johnlewis.com/john-lewis-stackable-plastic-picnic-plate-set-of-4-23cm-azure/p112639470,New,2025-09-14 17:54:54,https://media.johnlewiscontent.com/i/JohnLewis/112596106,John Lewis Branded,None
112639454,"John Lewis Stackable Plastic Picnic Bowl, Set of 4, 14.5cm, Azure",4.00,12.00,66.67,In Stock,One Size,https://www.johnlewis.com/john-lewis-stackable-plastic-picnic-bowl-set-of-4-14-5cm-azure/p112639454,New,2025-09-14 17:54:58,https://media.johnlewiscontent.com/i/JohnLewis/112596133,John Lewis Branded,None
111665609,"John Lewis Etched Star Glass Champagne Flute, 365ml, Gold/Clear",3.50,10.00,65.00,In Stock,One Size,https://www.johnlewis.com/john-lewis-etched-star-glass-champagne-flute-365ml-gold-clear/p111665609,New,2025-09-14 17:55:01,https://media.johnlewiscontent.com/i/JohnLewis/111628318,John Lewis Branded,None
111754068,"John Lewis Stars Metallic Glass Tumbler, 350ml, Gold",3.50,10.00,65.00,In Stock,One Size,https://www.johnlewis.com/john-lewis-stars-metallic-glass-tumbler-350ml-gold/p111754068,New,2025-09-14 17:55:05,https://media.johnlewiscontent.com/i/JohnLewis/111715469,John Lewis Branded,None
5651860,"John Lewis Drink Tumbler Glass, Clear",0.70,2.00,65.00,In Stock,Large - 475ml,https://www.johnlewis.com/john-lewis-drink-tumbler-glass-clear/p5651860,New,2025-09-14 17:55:08,https://media.johnlewiscontent.com/i/JohnLewis/239929864,John Lewis Branded,None
111665610,"John Lewis Etched Star Wine Glass, 180ml, Gold/Clear",3.50,10.00,65.00,In Stock,One Size,https://www.johnlewis.com/john-lewis-etched-star-wine-glass-180ml-gold-clear/p111665610,New,2025-09-14 17:55:11,https://media.johnlewiscontent.com/i/JohnLewis/111628316,John Lewis Branded,None
111668341,"John Lewis Recycled Bubble Wine Glass, 175ml, Clear",3.00,8.50,64.71,In Stock,One Size,https://www.johnlewis.com/john-lewis-recycled-bubble-wine-glass-175ml-clear/p111668341,New,2025-09-14 17:55:15,https://media.johnlewiscontent.com/i/JohnLewis/111626797,John Lewis Branded,None
5039174,John Lewis Slim Fit Vintage Laundered Chinos,19.50,55.00,64.55,Out of Stock,"34Rcurrently unavailable, 36R, 38S, 38R, 40R",https://www.johnlewis.com/john-lewis-slim-fit-vintage-laundered-chinos/khaki/p5039174,New,2025-09-14 17:55:18,https://media.johnlewiscontent.com/i/JohnLewis/004069695,John Lewis Branded,"KhakiReducedselected, Navy, StoneReduced, Black"
5167664,John Lewis Essential Straight Cut Chinos,19.50,55.00,64.55,In Stock,"30R, 34Scurrently unavailable, 36R, 40R",https://www.johnlewis.com/john-lewis-essential-straight-cut-chinos/p5167664,New,2025-09-14 17:55:21,https://media.johnlewiscontent.com/i/JohnLewis/003695951,John Lewis Branded,"GreyReducedselected, SandReduced, Black, TaupeReduced, Navy, OliveReduced"
6326330,"John Lewis Glossy Glaze Stoneware Square Plate, 25cm, Dark Brown",4.00,11.00,63.64,In Stock,One Size,https://www.johnlewis.com/john-lewis-glossy-glaze-stoneware-square-plate-25cm-dark-brown/p6326330,New,2025-09-14 17:55:24,https://media.johnlewiscontent.com/i/JohnLewis/109316271,John Lewis Branded,None
109257764,John Lewis Washable Wool Blend Regular Fit Suit Jacket,35.00,95.00,63.16,In Stock,44L,https://www.johnlewis.com/john-lewis-washable-wool-blend-regular-fit-suit-jacket/p109257764,New,2025-09-14 17:55:28,https://media.johnlewiscontent.com/i/JohnLewis/006198650,John Lewis Branded,None
111665612,"John Lewis Etched Star Glass Tumbler, 365ml, Gold/Clear",3.00,8.00,62.50,In Stock,One Size,https://www.johnlewis.com/john-lewis-etched-star-glass-tumbler-365ml-gold-clear/p111665612,New,2025-09-14 17:55:30,https://media.johnlewiscontent.com/i/JohnLewis/111628329,John Lewis Branded,None
111668349,"John Lewis Flower Wine Glass, 225ml, Clear",3.00,8.00,62.50,In Stock,One Size,https://www.johnlewis.com/john-lewis-flower-wine-glass-225ml-clear/p111668349,New,2025-09-14 17:55:33,https://media.johnlewiscontent.com/i/JohnLewis/111626802,John Lewis Branded,None
111583015,"John Lewis Cut-Out Snowflake PVC Placemats, Set of 2, Silver",3.00,8.00,62.50,In Stock,One Size,https://www.johnlewis.com/john-lewis-cut-out-snowflake-pvc-placemats-set-of-2-silver/p111583015,New,2025-09-14 17:55:37,https://media.johnlewiscontent.com/i/JohnLewis/111547277,John Lewis Branded,None
111669181,"John Lewis Jute Woven Stitch Napkin Rings, Set of 4, Natural",4.50,12.00,62.50,In Stock,One Size,https://www.johnlewis.com/john-lewis-jute-woven-stitch-napkin-rings-set-of-4-natural/p111669181,New,2025-09-14 17:55:39,https://media.johnlewiscontent.com/i/JohnLewis/111619727,John Lewis Branded,None
111818728,"John Lewis Confetti Glass Champagne Flute, 220ml, White",3.25,8.50,61.76,In Stock,One Size,https://www.johnlewis.com/john-lewis-confetti-glass-champagne-flute-220ml-white/p111818728,New,2025-09-14 17:55:42,https://media.johnlewiscontent.com/i/JohnLewis/111782086,John Lewis Branded,None
6284486,"John Lewis 5-Ply Thermacore Stainless Steel Non-Stick Frying Pan, Silver",20.00,52.00,61.54,In Stock,20cm,https://www.johnlewis.com/john-lewis-5-ply-thermacore-stainless-steel-non-stick-frying-pan-silver/p6284486,New,2025-09-14 17:55:46,https://media.johnlewiscontent.com/i/JohnLewis/SS23_EE_CS_THERM_SS_CONT_09_alt9,John Lewis Branded,None
111728437,"John Lewis Wisdom & Wonder Gold Stag Gift Tags, Pack of 12",1.35,3.50,61.43,In Stock,One Size,https://www.johnlewis.com/john-lewis-wisdom-wonder-gold-stag-gift-tags-pack-of-12/p111728437,New,2025-09-14 17:55:49,https://media.johnlewiscontent.com/i/JohnLewis/111632663,John Lewis Branded,None
113007913,"John Lewis Phlox Palm Print Trousers, Blue/Multi",19.00,49.00,61.22,In Stock,"8, 12, 14, 16, 20",https://www.johnlewis.com/john-lewis-phlox-palm-print-trousers-blue-multi/p113007913,New,2025-09-14 17:55:52,https://media.johnlewiscontent.com/i/JohnLewis/009123289,John Lewis Branded,None
111882877,John Lewis Long Johns,8.80,22.00,60.00,In Stock,M,https://www.johnlewis.com/john-lewis-long-johns/p111882877,New,2025-09-14 17:55:55,https://media.johnlewiscontent.com/i/JohnLewis/008422083,John Lewis Branded,"Blackselected, White"
111012688,"John Lewis Alphabet Animals Reversible Toddler Pure Cotton Duvet Cover and Pillowcase Set, Multi",12.00,30.00,60.00,In Stock,One Size,https://www.johnlewis.com/john-lewis-alphabet-animals-reversible-toddler-pure-cotton-duvet-cover-and-pillowcase-set-multi/p111012688,New,2025-09-14 17:55:58,https://media.johnlewiscontent.com/i/JohnLewis/110970758,John Lewis Branded,None
6326329,"John Lewis Glossy Glaze Stoneware Square Tea Plate, 15cm, Dark Brown",2.80,7.00,60.00,In Stock,One Size,https://www.johnlewis.com/john-lewis-glossy-glaze-stoneware-square-tea-plate-15cm-dark-brown/p6326329,New,2025-09-14 17:56:01,https://media.johnlewiscontent.com/i/JohnLewis/109316272,John Lewis Branded,None
111485767,"John Lewis Warwick Wool Melange Regular Fit Trousers, Mid Blue",36.00,90.00,60.00,In Stock,"40L, 42R, 42L, 44R",https://www.johnlewis.com/john-lewis-warwick-wool-melange-regular-fit-trousers-mid-blue/p111485767,New,2025-09-14 17:56:04,https://media.johnlewiscontent.com/i/JohnLewis/006864432,John Lewis Branded,None
111012986,"John Lewis Baking Print Stoneware Mug, 335ml, Multi",2.00,5.00,60.00,In Stock,One Size,https://www.johnlewis.com/john-lewis-baking-print-stoneware-mug-335ml-multi/p111012986,New,2025-09-14 17:56:07,https://media.johnlewiscontent.com/i/JohnLewis/110962980,John Lewis Branded,None
6349912,"John Lewis Easy Care Star Print Reversible Duvet Cover and Pillowcase Set, Cotbed (120 x 140cm)",10.00,25.00,60.00,In Stock,One Size,https://www.johnlewis.com/john-lewis-easy-care-star-print-reversible-duvet-cover-and-pillowcase-set-cotbed-120-x-140cm/p6349912,New,2025-09-14 17:56:10,https://media.johnlewiscontent.com/i/JohnLewis/241028663alt3,John Lewis Branded,"Greyselected, Navy"
110122848,"John Lewis Flora Border Fine China Side Plate, 20cm, Green/Multi",2.40,6.00,60.00,In Stock,One Size,https://www.johnlewis.com/john-lewis-flora-border-fine-china-side-plate-20cm-green-multi/p110122848,New,2025-09-14 17:56:13,https://media.johnlewiscontent.com/i/JohnLewis/109316928,John Lewis Branded,None
111485769,"John Lewis Warwick Wool Melange Regular Fit Waistcoat, Mid Blue",32.00,80.00,60.00,In Stock,"40R, 46R",https://www.johnlewis.com/john-lewis-warwick-wool-melange-regular-fit-waistcoat-mid-blue/p111485769,New,2025-09-14 17:56:16,https://media.johnlewiscontent.com/i/JohnLewis/006864431,John Lewis Branded,None
111782647,"John Lewis Snowman 3D Stoneware Mug, 260ml, White/Red",3.20,8.00,60.00,In Stock,One Size,https://www.johnlewis.com/john-lewis-snowman-3d-stoneware-mug-260ml-white-red/p111782647,New,2025-09-14 17:56:18,https://media.johnlewiscontent.com/i/JohnLewis/111728777,John Lewis Branded,None
111668328,"John Lewis Striped Glass Tumbler, Set of 2, 325ml, Gold",8.00,20.00,60.00,In Stock,One Size,https://www.johnlewis.com/john-lewis-striped-glass-tumbler-set-of-2-325ml-gold/p111668328,New,2025-09-14 17:56:21,https://media.johnlewiscontent.com/i/JohnLewis/111626820alt2,John Lewis Branded,None
111999044,John Lewis Slow Living Coffee Lovers Gift Set,22.00,55.00,60.00,In Stock,One Size,https://www.johnlewis.com/john-lewis-slow-living-coffee-lovers-gift-set/p111999044,New,2025-09-14 17:56:24,https://media.johnlewiscontent.com/i/JohnLewis/111999039,John Lewis Branded,None
111556822,"John Lewis Snowman Frost Blue Rim Fine China Dish, 15cm, White",2.00,5.00,60.00,In Stock,One Size,https://www.johnlewis.com/john-lewis-snowman-frost-blue-rim-fine-china-dish-15cm-white/p111556822,New,2025-09-14 17:56:27,https://media.johnlewiscontent.com/i/JohnLewis/111541531alt2,John Lewis Branded,None
110091336,"John Lewis New Bone China Desk Planter & Wood Board, Multi",14.00,35.00,60.00,In Stock,One Size,https://www.johnlewis.com/john-lewis-new-bone-china-desk-planter-wood-board-multi/p110091336,New,2025-09-14 17:56:30,https://media.johnlewiscontent.com/i/JohnLewis/110031028,John Lewis Branded,None
111583014,"John Lewis Cut-Out Snowflake PVC Coasters, Set of 4, Silver",2.00,5.00,60.00,In Stock,One Size,https://www.johnlewis.com/john-lewis-cut-out-snowflake-pvc-coasters-set-of-4-silver/p111583014,New,2025-09-14 17:56:32,https://media.johnlewiscontent.com/i/JohnLewis/111547278,John Lewis Branded,None
6225609,"John Lewis Oh My Darling Rainbow Print Toddler Pure Cotton Duvet Cover and Pillowcase Set, Cotbed (120 x 140cm)",14.00,35.00,60.00,In Stock,One Size,https://www.johnlewis.com/john-lewis-oh-my-darling-rainbow-print-toddler-pure-cotton-duvet-cover-and-pillowcase-set-cotbed-120-x-140cm/p6225609,New,2025-09-14 17:56:35,https://media.johnlewiscontent.com/i/JohnLewis/240383396alt1,John Lewis Branded,None
112871438,"John Lewis Elevated Cotton Chinos, Stone",26.00,65.00,60.00,In Stock,"12, 14, 16, 18",https://www.johnlewis.com/john-lewis-elevated-cotton-chinos-stone/p112871438,New,2025-09-14 17:56:39,https://media.johnlewiscontent.com/i/JohnLewis/009234767,John Lewis Branded,None
111748958,"John Lewis Mira II Nest of Tables, Oak/Brown Ceramic",240.00,599.00,59.93,In Stock,One Size,https://www.johnlewis.com/john-lewis-mira-ii-nest-of-tables-oak-brown-ceramic/p111748958,New,2025-09-14 17:56:42,https://media.johnlewiscontent.com/i/JohnLewis/111713743,John Lewis Branded,None
111748959,"John Lewis Mira II Nest of Tables, Oak/Grey Ceramic",240.00,599.00,59.93,In Stock,One Size,https://www.johnlewis.com/john-lewis-mira-ii-nest-of-tables-oak-grey-ceramic/p111748959,New,2025-09-14 17:56:45,https://media.johnlewiscontent.com/i/JohnLewis/111713742,John Lewis Branded,None
111470417,"John Lewis Palma Rectangular Storage Coffee Table, Greige",80.00,199.00,59.80,In Stock,One Size,https://www.johnlewis.com/john-lewis-palma-rectangular-storage-coffee-table-greige/p111470417,New,2025-09-14 17:56:48,https://media.johnlewiscontent.com/i/JohnLewis/111468140,John Lewis Branded,None
109478091,John Lewis Zegna Recycled Wool Regular Fit Suit Trousers,79.00,195.00,59.49,In Stock,"40L, 42Rcurrently unavailable",https://www.johnlewis.com/john-lewis-zegna-recycled-wool-regular-fit-suit-trousers/p109478091,New,2025-09-14 17:56:51,https://media.johnlewiscontent.com/i/JohnLewis/006246233,John Lewis Branded,None
111668332,"John Lewis Striped Champagne Glass Flute, Set of 2, 210ml, Gold",9.00,22.00,59.09,In Stock,One Size,https://www.johnlewis.com/john-lewis-striped-champagne-glass-flute-set-of-2-210ml-gold/p111668332,New,2025-09-14 17:56:54,https://media.johnlewiscontent.com/i/JohnLewis/111626809,John Lewis Branded,None
6225638,"John Lewis Oh My Darling Bee Print Reversible Toddler Pure Cotton Duvet Cover and Pillowcase Set, Cotbed (120 x 140cm)",12.50,30.00,58.33,In Stock,One Size,https://www.johnlewis.com/john-lewis-oh-my-darling-bee-print-reversible-toddler-pure-cotton-duvet-cover-and-pillowcase-set-cotbed-120-x-140cm/p6225638,New,2025-09-14 17:56:57,https://media.johnlewiscontent.com/i/JohnLewis/240383241,John Lewis Branded,None
111754056,"John Lewis Stars Metallic Cocktail Coupe Glass, 350ml, Gold",5.00,12.00,58.33,In Stock,One Size,https://www.johnlewis.com/john-lewis-stars-metallic-cocktail-coupe-glass-350ml-gold/p111754056,New,2025-09-14 17:57:00,https://media.johnlewiscontent.com/i/JohnLewis/111715326,John Lewis Branded,None
111754063,"John Lewis Stars Metallic Gin Cocktail Balloon Glass, 700ml, Gold",5.00,12.00,58.33,In Stock,One Size,https://www.johnlewis.com/john-lewis-stars-metallic-gin-cocktail-balloon-glass-700ml-gold/p111754063,New,2025-09-14 17:57:03,https://media.johnlewiscontent.com/i/JohnLewis/111715340,John Lewis Branded,None
110858846,"John Lewis Aster Shaped Fine China Side Plate, 19cm",2.50,6.00,58.33,In Stock,One Size,https://www.johnlewis.com/john-lewis-aster-shaped-fine-china-side-plate-19cm/p110858846,New,2025-09-14 17:57:06,https://media.johnlewiscontent.com/i/JohnLewis/110740957,John Lewis Branded,None
111012689,"John Lewis Sail Away Print Reversible Toddler Pure Cotton Duvet Cover and Pillowcase Set, Multi",12.50,30.00,58.33,In Stock,One Size,https://www.johnlewis.com/john-lewis-sail-away-print-reversible-toddler-pure-cotton-duvet-cover-and-pillowcase-set-multi/p111012689,New,2025-09-14 17:57:09,https://media.johnlewiscontent.com/i/JohnLewis/110970759,John Lewis Branded,None
111754055,"John Lewis Candy Cane Metallic Gin Cocktail Balloon Glass, 700ml, Multi",5.00,12.00,58.33,In Stock,One Size,https://www.johnlewis.com/john-lewis-candy-cane-metallic-gin-cocktail-balloon-glass-700ml-multi/p111754055,New,2025-09-14 17:57:12,https://media.johnlewiscontent.com/i/JohnLewis/111715323,John Lewis Branded,None
111754061,"John Lewis Stars Metallic Glass Champagne Flute, 200ml, Gold",5.00,12.00,58.33,In Stock,One Size,https://www.johnlewis.com/john-lewis-stars-metallic-glass-champagne-flute-200ml-gold/p111754061,New,2025-09-14 17:57:16,https://media.johnlewiscontent.com/i/JohnLewis/111715337,John Lewis Branded,None
110858850,"John Lewis Aster Shaped Fine China Cereal Bowl, 18cm",2.52,6.00,58.00,In Stock,One Size,https://www.johnlewis.com/john-lewis-aster-shaped-fine-china-cereal-bowl-18cm/p110858850,New,2025-09-14 17:57:19,https://media.johnlewiscontent.com/i/JohnLewis/110740953,John Lewis Branded,None
111754077,"John Lewis Candle Glass Tumbler, 510ml",3.00,6.50,53.85,In Stock,One Size,https://www.johnlewis.com/john-lewis-candle-glass-tumbler-510ml/p111754077,New,2025-09-14 17:57:21,https://media.johnlewiscontent.com/i/JohnLewis/111715480,John Lewis Branded,None
111754074,"John Lewis Stag & Rings Glass Tumbler, 510ml, Multi",3.00,6.50,53.85,In Stock,One Size,https://www.johnlewis.com/john-lewis-stag-rings-glass-tumbler-510ml-multi/p111754074,New,2025-09-14 17:57:24,https://media.johnlewiscontent.com/i/JohnLewis/111715478,John Lewis Branded,None
111984762,John Lewis Turkish Cotton Towels,3.40,7.00,51.43,In Stock,Hand Towel,https://www.johnlewis.com/john-lewis-turkish-cotton-towels/p111984762,New,2025-09-14 17:57:27,https://media.johnlewiscontent.com/i/JohnLewis/008507448,John Lewis Branded,None
110860238,"John Lewis Oakley Embroidery Furnishing Fabric, Lake Blue",17.00,35.00,51.43,In Stock,One Size,https://www.johnlewis.com/john-lewis-oakley-embroidery-furnishing-fabric-lake-blue/p110860238,New,2025-09-14 17:57:30,https://media.johnlewiscontent.com/i/JohnLewis/110794270,John Lewis Branded,None
110864210,"John Lewis Oakley Embroidery Made to Measure Curtains or Roman Blind, Lake Blue",17.00,35.00,51.43,In Stock,One Size,https://www.johnlewis.com/john-lewis-oakley-embroidery-made-to-measure-curtains-or-roman-blind-lake-blue/p110864210,New,2025-09-14 17:57:34,https://media.johnlewiscontent.com/i/JohnLewis/110807448,John Lewis Branded,None
110859500,John Lewis Gingham Check Furnishing Fabric,17.00,35.00,51.43,In Stock,One Size,https://www.johnlewis.com/john-lewis-gingham-check-furnishing-fabric/p110859500,New,2025-09-14 17:57:37,https://media.johnlewiscontent.com/i/JohnLewis/110794256,John Lewis Branded,"NavyReducedselected, Putty"
110919623,"John Lewis Ripple Furnishing Fabric, Sage Green",17.00,35.00,51.43,In Stock,One Size,https://www.johnlewis.com/john-lewis-ripple-furnishing-fabric-sage-green/p110919623,New,2025-09-14 17:57:40,https://media.johnlewiscontent.com/i/JohnLewis/110795766,John Lewis Branded,None
112007075,John Lewis Ultimate Hotel Towels,10.75,22.00,51.14,In Stock,Hand Towel 90x50,https://www.johnlewis.com/john-lewis-ultimate-hotel-towels/dark-pewter/p112007075,New,2025-09-14 17:57:44,https://media.johnlewiscontent.com/i/JohnLewis/008528262,John Lewis Branded,"Dark Pewterselected, Dark Evergreen, Pearl Greycurrently unavailable, Dark Tealcurrently unavailable"
110677368,"John Lewis Little Scattered Sewing Machine Bag, Multi",18.00,36.50,50.68,In Stock,One Size,https://www.johnlewis.com/john-lewis-little-scattered-sewing-machine-bag-multi/p110677368,New,2025-09-14 17:57:47,https://media.johnlewiscontent.com/i/JohnLewis/110556460,John Lewis Branded,None
110199817,"John Lewis William Morris Willow Bough Machine Bag, Blue",18.00,36.50,50.68,In Stock,One Size,https://www.johnlewis.com/john-lewis-william-morris-willow-bough-machine-bag-blue/p110199817,New,2025-09-14 17:57:50,https://media.johnlewiscontent.com/i/JohnLewis/110109967,John Lewis Branded,None
113242585,"John Lewis Editions Floral Print Fluid Trousers, Violetta Bloom",47.00,95.00,50.53,In Stock,"6, 8, 10",https://www.johnlewis.com/john-lewis-editions-floral-print-fluid-trousers-violetta-bloom/p113242585,New,2025-09-14 17:57:53,https://media.johnlewiscontent.com/i/JohnLewis/009346470,John Lewis Branded,None
111283652,"John Lewis Spindle 3 Drawer Chest, Grey",179.00,359.00,50.14,In Stock,One Size,https://www.johnlewis.com/john-lewis-spindle-3-drawer-chest-grey/p111283652,New,2025-09-14 17:57:56,https://media.johnlewiscontent.com/i/JohnLewis/110657094,John Lewis Branded,None
112574475,"John Lewis Pinstripe Cashmink Scarf, Multi",13.99,28.00,50.04,In Stock,One Size,https://www.johnlewis.com/john-lewis-pinstripe-cashmink-scarf-multi/p112574475,New,2025-09-14 17:57:58,https://media.johnlewiscontent.com/i/JohnLewis/111644792,John Lewis Branded,None
112574466,"John Lewis Check Cashmink Scarf, Multi",13.99,28.00,50.04,In Stock,One Size,https://www.johnlewis.com/john-lewis-check-cashmink-scarf-multi/p112574466,New,2025-09-14 17:58:02,https://media.johnlewiscontent.com/i/JohnLewis/111644787,John Lewis Branded,None
112574472,"John Lewis Double Faced Casmink Scarf, Burgundy/Navy",13.99,28.00,50.04,In Stock,One Size,https://www.johnlewis.com/john-lewis-double-faced-casmink-scarf-burgundy-navy/p112574472,New,2025-09-14 17:58:05,https://media.johnlewiscontent.com/i/JohnLewis/111644790,John Lewis Branded,None
112102721,"John Lewis Latex Cool Collection 2400 Pocket Spring Mattress, Medium/Firm Tension, Single",849.00,1699.00,50.03,In Stock,One Size,https://www.johnlewis.com/john-lewis-latex-cool-collection-2400-pocket-spring-mattress-medium-firm-tension-single/p112102721,New,2025-09-14 17:58:08,https://media.johnlewiscontent.com/i/JohnLewis/112095329,John Lewis Branded,None
112007517,"John Lewis Lambswool Beanie, Dark Brown",17.49,35.00,50.03,In Stock,One Size,https://www.johnlewis.com/john-lewis-lambswool-beanie-dark-brown/p112007517,New,2025-09-14 17:58:11,https://media.johnlewiscontent.com/i/JohnLewis/112007514,John Lewis Branded,None
112102725,"John Lewis Latex Cool Collection 3500 Pocket Spring Mattress, Medium/Firm Tension, Single",949.00,1899.00,50.03,In Stock,One Size,https://www.johnlewis.com/john-lewis-latex-cool-collection-3500-pocket-spring-mattress-medium-firm-tension-single/p112102725,New,2025-09-14 17:58:14,https://media.johnlewiscontent.com/i/JohnLewis/112095337,John Lewis Branded,None
111528427,John Lewis Wool & Leather Gloves,22.49,45.00,50.02,In Stock,L,https://www.johnlewis.com/john-lewis-wool-leather-gloves/brown/p111528427,New,2025-09-14 17:58:17,https://media.johnlewiscontent.com/i/JohnLewis/007002753,John Lewis Branded,"Brownselected, Greycurrently unavailable"
113289354,John Lewis Lisboa Leather Smart Fisherman Shoe Sandals,32.50,65.00,50.00,In Stock,"3, 5, 6",https://www.johnlewis.com/john-lewis-lisboa-leather-smart-fisherman-shoe-sandals/p113289354,New,2025-09-14 17:58:20,https://media.johnlewiscontent.com/i/JohnLewis/009358969,John Lewis Branded,None
111507731,John Lewis Cotton Cashmere Blend Ankle Socks,6.00,12.00,50.00,In Stock,One Size,https://www.johnlewis.com/john-lewis-cotton-cashmere-blend-ankle-socks/p111507731,New,2025-09-14 17:58:23,https://media.johnlewiscontent.com/i/JohnLewis/111362083,John Lewis Branded,"Powder Blueselected, Caramel, Rose"
6423594,"John Lewis Textured Horizontal Stripe Recycled Polyester Shower Curtain, Graphite",10.00,20.00,50.00,In Stock,One Size,https://www.johnlewis.com/john-lewis-textured-horizontal-stripe-recycled-polyester-shower-curtain-graphite/p6423594,New,2025-09-14 17:58:26,https://media.johnlewiscontent.com/i/JohnLewis/109922846,John Lewis Branded,None
113012967,John Lewis Aimee Pillbox Fascinator,27.50,55.00,50.00,In Stock,One Size,https://www.johnlewis.com/john-lewis-aimee-pillbox-fascinator/p113012967,New,2025-09-14 17:58:28,https://media.johnlewiscontent.com/i/JohnLewis/112628530,John Lewis Branded,None
111211330,"John Lewis Hearts Paper Napkins, Pack of 20",1.00,2.00,50.00,In Stock,One Size,https://www.johnlewis.com/john-lewis-hearts-paper-napkins-pack-of-20/p111211330,New,2025-09-14 17:58:31,https://media.johnlewiscontent.com/i/JohnLewis/111176154,John Lewis Branded,None
110483210,"John Lewis Studio Gin Cocktail Glass, Set of 4, 590ml, Clear",7.50,15.00,50.00,In Stock,One Size,https://www.johnlewis.com/john-lewis-studio-gin-cocktail-glass-set-of-4-590ml-clear/p110483210,New,2025-09-14 17:58:34,https://media.johnlewiscontent.com/i/JohnLewis/110481747,John Lewis Branded,None
112472669,"John Lewis Tailored Side Taped Seam Swim Shorts, Navy Multi",20.00,40.00,50.00,In Stock,"S, L, XL",https://www.johnlewis.com/john-lewis-tailored-side-taped-seam-swim-shorts-navy-multi/p112472669,New,2025-09-14 17:58:37,https://media.johnlewiscontent.com/i/JohnLewis/009079218,John Lewis Branded,None
112639729,"John Lewis Dolce Vita Striped Plastic Picnic Highball, 700ml",2.00,4.00,50.00,In Stock,One Size,https://www.johnlewis.com/john-lewis-dolce-vita-striped-plastic-picnic-highball-700ml/p112639729,New,2025-09-14 17:58:40,https://media.johnlewiscontent.com/i/JohnLewis/112596064,John Lewis Branded,None
112635820,"John Lewis Palm House Plastic Picnic Highball, Set of 4, 500ml",9.00,18.00,50.00,In Stock,One Size,https://www.johnlewis.com/john-lewis-palm-house-plastic-picnic-highball-set-of-4-500ml/p112635820,New,2025-09-14 17:58:43,https://media.johnlewiscontent.com/i/JohnLewis/112595943,John Lewis Branded,None
111754065,"John Lewis Christmas Dogs in Jumpers Glass Tumbler, 380ml, Multi",2.50,5.00,50.00,In Stock,One Size,https://www.johnlewis.com/john-lewis-christmas-dogs-in-jumpers-glass-tumbler-380ml-multi/p111754065,New,2025-09-14 17:58:46,https://media.johnlewiscontent.com/i/JohnLewis/111715465,John Lewis Branded,None
113065853,"John Lewis Raffia Crossbody Bag, Neutral/Multi",15.00,30.00,50.00,In Stock,One Size,https://www.johnlewis.com/john-lewis-raffia-crossbody-bag-neutral-multi/p113065853,New,2025-09-14 17:58:48,https://media.johnlewiscontent.com/i/JohnLewis/112516253,John Lewis Branded,None
4887044,John Lewis Premium Faux Silk Slub Pair Blackout Lined Eyelet Curtains,62.50,125.00,50.00,In Stock,W167 x Drop 228cm,https://www.johnlewis.com/john-lewis-premium-faux-silk-slub-pair-blackout-lined-eyelet-curtains/p4887044,New,2025-09-14 17:58:51,https://media.johnlewiscontent.com/i/JohnLewis/004887043,John Lewis Branded,"Silverselected, Champagne, Mocha"
111914847,"John Lewis Pyra Leather Chunky Biker Lace Up Ankle Boots, Black",64.50,129.00,50.00,In Stock,"3, 5, 6currently unavailable, 8",https://www.johnlewis.com/john-lewis-pyra-leather-chunky-biker-lace-up-ankle-boots-black/p111914847,New,2025-09-14 17:58:54,https://media.johnlewiscontent.com/i/JohnLewis/008443868,John Lewis Branded,None
112429186,"John Lewis Confetti Martini Cocktail Glass, 300ml, Multi",5.00,10.00,50.00,In Stock,One Size,https://www.johnlewis.com/john-lewis-confetti-martini-cocktail-glass-300ml-multi/p112429186,New,2025-09-14 17:58:57,https://media.johnlewiscontent.com/i/JohnLewis/112419642,John Lewis Branded,None
111112208,John Lewis Mushroom Dimmable Extra Large Table Lamp,42.50,85.00,50.00,In Stock,One Size,https://www.johnlewis.com/john-lewis-mushroom-dimmable-extra-large-table-lamp/p111112208,New,2025-09-14 17:59:00,https://media.johnlewiscontent.com/i/JohnLewis/111177330,John Lewis Branded,"Cobaltselected, Red"
112142742,John Lewis Made in Italy Cashmere Blend Ribbed Socks,15.00,30.00,50.00,In Stock,S-M,https://www.johnlewis.com/john-lewis-made-in-italy-cashmere-blend-ribbed-socks/p112142742,New,2025-09-14 17:59:03,https://media.johnlewiscontent.com/i/JohnLewis/008823832,John Lewis Branded,"Mid Blueselected, Purple"
110677369,"John Lewis Little Scattered Drawstring Craft Bag, Multi",16.00,32.00,50.00,In Stock,One Size,https://www.johnlewis.com/john-lewis-little-scattered-drawstring-craft-bag-multi/p110677369,New,2025-09-14 17:59:06,https://media.johnlewiscontent.com/i/JohnLewis/110556461,John Lewis Branded,None
5091736,John Lewis Lloret Suede Espadrille Sandals,37.50,75.00,50.00,In Stock,7,https://www.johnlewis.com/john-lewis-lloret-suede-espadrille-sandals/p5091736,New,2025-09-14 17:59:09,https://media.johnlewiscontent.com/i/JohnLewis/004767374,John Lewis Branded,"Blackselected, Neutral"
112412868,"John Lewis Heart Border Champagne Glass Flute, Set of 2, 200ml, Clear/Red",10.00,20.00,50.00,In Stock,One Size,https://www.johnlewis.com/john-lewis-heart-border-champagne-glass-flute-set-of-2-200ml-clear-red/p112412868,New,2025-09-14 17:59:13,https://media.johnlewiscontent.com/i/JohnLewis/112361530,John Lewis Branded,None
111801618,"John Lewis Firm Control Seamfree Shapewear Slip, Black",15.00,30.00,50.00,In Stock,"S, M, L",https://www.johnlewis.com/john-lewis-firm-control-seamfree-shapewear-slip-black/p111801618,New,2025-09-14 17:59:15,https://media.johnlewiscontent.com/i/JohnLewis/008346229,John Lewis Branded,"Black, Almondselected"
112639733,"John Lewis Dolce Vita Striped Plastic Picnic Wine Glass, 450ml",2.00,4.00,50.00,In Stock,One Size,https://www.johnlewis.com/john-lewis-dolce-vita-striped-plastic-picnic-wine-glass-450ml/p112639733,New,2025-09-14 17:59:20,https://media.johnlewiscontent.com/i/JohnLewis/112596078,John Lewis Branded,None
6228583,John Lewis Recycled Pouch Shopper Bag,2.50,5.00,50.00,In Stock,One Size,https://www.johnlewis.com/john-lewis-recycled-pouch-shopper-bag/stripe/p6228583,New,2025-09-14 17:59:23,https://media.johnlewiscontent.com/i/JohnLewis/241157116,John Lewis Branded,"Stripeselected, Spotcurrently unavailable"
111510880,John Lewis Cashmere Scarf,30.00,60.00,50.00,In Stock,One Size,https://www.johnlewis.com/john-lewis-cashmere-scarf/navy/p111510880,New,2025-09-14 17:59:26,https://media.johnlewiscontent.com/i/JohnLewis/111510872,John Lewis Branded,"Navyselected, Tarragoncurrently unavailable"
113149277,"John Lewis Ombre Maxi Kaftan, Orange",24.50,49.00,50.00,In Stock,"S-M, M-L",https://www.johnlewis.com/john-lewis-ombre-maxi-kaftan-orange/p113149277,New,2025-09-14 17:59:29,https://media.johnlewiscontent.com/i/JohnLewis/009156074,John Lewis Branded,None
112639747,"John Lewis Dolce Vita Woven Cooler Tote Bag, 25L, Yellow",17.50,35.00,50.00,In Stock,One Size,https://www.johnlewis.com/john-lewis-dolce-vita-woven-cooler-tote-bag-25l-yellow/p112639747,New,2025-09-14 17:59:32,https://media.johnlewiscontent.com/i/JohnLewis/112596162,John Lewis Branded,None
112417130,"John Lewis Floral Colour Stem Coupe Cocktail Glass, 200ml, Blue",4.50,9.00,50.00,In Stock,One Size,https://www.johnlewis.com/john-lewis-floral-colour-stem-coupe-cocktail-glass-200ml-blue/p112417130,New,2025-09-14 17:59:35,https://media.johnlewiscontent.com/i/JohnLewis/112396532,John Lewis Branded,None
113479424,"John Lewis Palm Embroidery Boxy Shirt, Cream/Multi",22.50,45.00,50.00,In Stock,"S, M, L",https://www.johnlewis.com/john-lewis-palm-embroidery-boxy-shirt-cream-multi/p113479424,New,2025-09-14 17:59:38,https://media.johnlewiscontent.com/i/JohnLewis/009123349,John Lewis Branded,None
112472719,"John Lewis Embroidered Palm Swim Shorts, Green",22.50,45.00,50.00,In Stock,"S, M, L, XL",https://www.johnlewis.com/john-lewis-embroidered-palm-swim-shorts-green/p112472719,New,2025-09-14 17:59:41,https://media.johnlewiscontent.com/i/JohnLewis/009079398,John Lewis Branded,None
112472720,"John Lewis Embroidered Palm Seersucker Swim Shorts, Blue Multi",22.50,45.00,50.00,In Stock,"S, M, XL",https://www.johnlewis.com/john-lewis-embroidered-palm-seersucker-swim-shorts-blue-multi/p112472720,New,2025-09-14 17:59:44,https://media.johnlewiscontent.com/i/JohnLewis/009079434,John Lewis Branded,None
112657827,"John Lewis Palm House Woven Rattan Lunch Cooler Bag, Natural",12.50,25.00,50.00,In Stock,One Size,https://www.johnlewis.com/john-lewis-palm-house-woven-rattan-lunch-cooler-bag-natural/p112657827,New,2025-09-14 17:59:47,https://media.johnlewiscontent.com/i/JohnLewis/112596170,John Lewis Branded,None
5265584,John Lewis Spring Wisteria Duvet Cover Set,47.50,95.00,50.00,In Stock,Super king set,https://www.johnlewis.com/john-lewis-spring-wisteria-duvet-cover-set/p5265584,New,2025-09-14 17:59:50,https://media.johnlewiscontent.com/i/JohnLewis/005265583alt6,John Lewis Branded,None
112639741,"John Lewis Ripple Plastic Picnic Wine Glass, 440ml",2.00,4.00,50.00,In Stock,One Size,https://www.johnlewis.com/john-lewis-ripple-plastic-picnic-wine-glass-440ml/p112639741,New,2025-09-14 17:59:53,https://media.johnlewiscontent.com/i/JohnLewis/112596096,John Lewis Branded,None
111914846,"John Lewis Points Leather Chunky Biker Chelsea Boots, Black",62.50,125.00,50.00,In Stock,"3, 6, 7, 8",https://www.johnlewis.com/john-lewis-points-leather-chunky-biker-chelsea-boots-black/p111914846,New,2025-09-14 17:59:56,https://media.johnlewiscontent.com/i/JohnLewis/008443867,John Lewis Branded,None
112916977,"John Lewis Round Polarised Tortoiseshell Sunglasses, Brown",24.50,49.00,50.00,In Stock,One Size,https://www.johnlewis.com/john-lewis-round-polarised-tortoiseshell-sunglasses-brown/p112916977,New,2025-09-14 17:59:59,https://media.johnlewiscontent.com/i/JohnLewis/112916911,John Lewis Branded,None
112657822,"John Lewis Palm House Woven Rattan Wine Cooler Bag, 2 Bottle, 7L, Natural",17.50,35.00,50.00,In Stock,One Size,https://www.johnlewis.com/john-lewis-palm-house-woven-rattan-wine-cooler-bag-2-bottle-7l-natural/p112657822,New,2025-09-14 18:00:02,https://media.johnlewiscontent.com/i/JohnLewis/112596169,John Lewis Branded,None
112419661,"John Lewis Wiggle Stem Cocktail Glass, 355ml, Clear",6.00,12.00,50.00,In Stock,One Size,https://www.johnlewis.com/john-lewis-wiggle-stem-cocktail-glass-355ml-clear/p112419661,New,2025-09-14 18:00:05,https://media.johnlewiscontent.com/i/JohnLewis/112396538,John Lewis Branded,None
110964917,John Lewis Quilted Velvet Rectangular Cushion,22.50,45.00,50.00,In Stock,One Size,https://www.johnlewis.com/john-lewis-quilted-velvet-rectangular-cushion/p110964917,New,2025-09-14 18:00:08,https://media.johnlewiscontent.com/i/JohnLewis/110898351,John Lewis Branded,None
112472231,"John Lewis Cocktail Motif Cotton Napkin, Set of 4",9.00,18.00,50.00,In Stock,One Size,https://www.johnlewis.com/john-lewis-cocktail-motif-cotton-napkin-set-of-4/p112472231,New,2025-09-14 18:00:11,https://media.johnlewiscontent.com/i/JohnLewis/112429316,John Lewis Branded,None
112521272,"John Lewis Dolce Vita Striped Cotton Linen Blend Napkins, Set of 4, Multi",10.00,20.00,50.00,In Stock,One Size,https://www.johnlewis.com/john-lewis-dolce-vita-striped-cotton-linen-blend-napkins-set-of-4-multi/p112521272,New,2025-09-14 18:00:14,https://media.johnlewiscontent.com/i/JohnLewis/112501283,John Lewis Branded,None
112018302,"John Lewis Boucle Shacket, Caramel",21.00,42.00,50.00,In Stock,"S, M, L",https://www.johnlewis.com/john-lewis-boucle-shacket-caramel/p112018302,New,2025-09-14 18:00:17,https://media.johnlewiscontent.com/i/JohnLewis/008530521,John Lewis Branded,None
112472718,"John Lewis Recycled Polyester Plain Swim Shorts, Navy",15.00,30.00,50.00,In Stock,"S, L",https://www.johnlewis.com/john-lewis-recycled-polyester-plain-swim-shorts-navy/p112472718,New,2025-09-14 18:00:20,https://media.johnlewiscontent.com/i/JohnLewis/009079605,John Lewis Branded,None
113207222,"John Lewis Thurlow Regular Fit Sharkskin Wool Suit Trousers, Light Blue",45.00,90.00,50.00,In Stock,"32R, 34S, 34R, 34L, 36R, 36L, 38S, 38R, 38L, 40S, 40R, 40L",https://www.johnlewis.com/john-lewis-thurlow-regular-fit-sharkskin-wool-suit-trousers-light-blue/p113207222,New,2025-09-14 18:00:23,https://media.johnlewiscontent.com/i/JohnLewis/008920187,John Lewis Branded,None
111507721,John Lewis Cotton Silk Blend Ankle Socks,5.00,10.00,50.00,In Stock,One Size,https://www.johnlewis.com/john-lewis-cotton-silk-blend-ankle-socks/p111507721,New,2025-09-14 18:00:26,https://media.johnlewiscontent.com/i/JohnLewis/111361768,John Lewis Branded,"Light Greyselected, Khaki, Rose, Oatmeal, Denim, Charcoal"
111956976,"John Lewis Striped Frill Cushion, Multi",20.00,40.00,50.00,In Stock,One Size,https://www.johnlewis.com/john-lewis-striped-frill-cushion-multi/p111956976,New,2025-09-14 18:00:29,https://media.johnlewiscontent.com/i/JohnLewis/111908478,John Lewis Branded,None
112849614,"John Lewis Embroidered Shrimp Cotton Baseball Cap, Denim Multi",11.00,22.00,50.00,In Stock,One Size,https://www.johnlewis.com/john-lewis-embroidered-shrimp-cotton-baseball-cap-denim-multi/p112849614,New,2025-09-14 18:00:32,https://media.johnlewiscontent.com/i/JohnLewis/112388849,John Lewis Branded,None
3160190,John Lewis Form Swing Towel Ring,12.50,25.00,50.00,In Stock,One Size,https://www.johnlewis.com/john-lewis-form-swing-towel-ring/p3160190,New,2025-09-14 18:00:35,https://media.johnlewiscontent.com/i/JohnLewis/236812610,John Lewis Branded,None
113253253,Cotton Blend Zip Sweater,24.50,49.00,50.00,In Stock,"L, XL, XXL",https://www.johnlewis.com/cotton-blend-zip-sweater/p113253253,New,2025-09-14 18:00:38,https://media.johnlewiscontent.com/i/JohnLewis/009142554,John Lewis Branded,None
113412403,John Lewis Crew Neck Rib Panel Cotton Sweatshirt,22.50,45.00,50.00,In Stock,XL,https://www.johnlewis.com/john-lewis-crew-neck-rib-panel-cotton-sweatshirt/p113412403,New,2025-09-14 18:00:41,https://media.johnlewiscontent.com/i/JohnLewis/009142556,John Lewis Branded,None
112639737,"John Lewis Palm House Plastic Picnic Tumbler, Set of 4, 420ml",8.00,16.00,50.00,In Stock,One Size,https://www.johnlewis.com/john-lewis-palm-house-plastic-picnic-tumbler-set-of-4-420ml/p112639737,New,2025-09-14 18:00:44,https://media.johnlewiscontent.com/i/JohnLewis/112596089,John Lewis Branded,None
113145440,John Lewis Silk Floral Tie,12.50,25.00,50.00,In Stock,One Size,https://www.johnlewis.com/john-lewis-silk-floral-tie/p113145440,New,2025-09-14 18:00:47,https://media.johnlewiscontent.com/i/JohnLewis/112741014,John Lewis Branded,None
112916959,"John Lewis Square Polarised Sunglasses, Black/Clear",24.50,49.00,50.00,In Stock,One Size,https://www.johnlewis.com/john-lewis-square-polarised-sunglasses-black-clear/p112916959,New,2025-09-14 18:00:50,https://media.johnlewiscontent.com/i/JohnLewis/112916914,John Lewis Branded,None
6349239,John Lewis Boutique Waffle Unisex Bath Robe,32.50,65.00,50.00,In Stock,S-M,https://www.johnlewis.com/john-lewis-boutique-waffle-unisex-bath-robe/p6349239,New,2025-09-14 18:00:53,https://media.johnlewiscontent.com/i/JohnLewis/008834947,John Lewis Branded,"BluestoneReducedselected, CaramelReduced, White, Graphite"
113034260,"John Lewis Harmonie Leather Double Buckle Sachetto Ballerina Pumps, Black",34.50,69.00,50.00,In Stock,"3, 4, 5, 6, 7, 8",https://www.johnlewis.com/john-lewis-harmonie-leather-double-buckle-sachetto-ballerina-pumps-black/p113034260,New,2025-09-14 18:00:56,https://media.johnlewiscontent.com/i/JohnLewis/009208496,John Lewis Branded,None
111647965,"John Lewis Mercury Tune Table Lamp, Nickel Effect",62.50,125.00,50.00,In Stock,One Size,https://www.johnlewis.com/john-lewis-mercury-tune-table-lamp-nickel-effect/p111647965,New,2025-09-14 18:00:59,https://media.johnlewiscontent.com/i/JohnLewis/111508575,John Lewis Branded,None
112472734,"John Lewis Ikat Printed Swim Shorts, Indigo",17.50,35.00,50.00,In Stock,"S, M, L, XL",https://www.johnlewis.com/john-lewis-ikat-printed-swim-shorts-indigo/p112472734,New,2025-09-14 18:01:03,https://media.johnlewiscontent.com/i/JohnLewis/009079603,John Lewis Branded,None
6414286,"John Lewis Linen Blend Bakerboy Cap, Navy",14.00,28.00,50.00,In Stock,"S-M, L-XL",https://www.johnlewis.com/john-lewis-linen-blend-bakerboy-cap-navy/p6414286,New,2025-09-14 18:01:06,https://media.johnlewiscontent.com/i/JohnLewis/006315533,John Lewis Branded,None
112639452,"John Lewis Dolce Vita Striped Plastic Picnic Bowl, 14.5cm",2.00,4.00,50.00,In Stock,One Size,https://www.johnlewis.com/john-lewis-dolce-vita-striped-plastic-picnic-bowl-14-5cm/p112639452,New,2025-09-14 18:01:09,https://media.johnlewiscontent.com/i/JohnLewis/112596130,John Lewis Branded,"Azureselected, White"
113065851,John Lewis Raffia Tote Bag,16.00,32.00,50.00,In Stock,One Size,https://www.johnlewis.com/john-lewis-raffia-tote-bag/p113065851,New,2025-09-14 18:01:12,https://media.johnlewiscontent.com/i/JohnLewis/112516256,John Lewis Branded,"Black/Natural Paper, White/Natural Paperselected"
111541868,John Lewis Duomo LED Table Lamp,50.00,100.00,50.00,In Stock,One Size,https://www.johnlewis.com/john-lewis-duomo-led-table-lamp/p111541868,New,2025-09-14 18:01:15,https://media.johnlewiscontent.com/i/JohnLewis/111496354,John Lewis Branded,"Auburn/Silver, Polished Grey/Goldselected, Black/White, Deep Red/Silver"
