id,name,brand,current_price,original_price,discount_percent,savings_amount,url,image_url,category,retailer,stock_status,first_seen,last_updated,is_active
R04483037,Broderie-Hem Halterneck Sleeveless Cotton Midi Dress,RO&ZO,29.0,119.0,75.6,90.0,https://www.selfridges.com/GB/en/product/rozo-broderie-hem-halterneck-sleeveless-cotton-midi-dress_R04483037/#colour=PINK,https://images.selfridges.com/is/image/selfridges/R04483037_PINK_M?wid=476&hei=634&fmt=webp&qlt=80,Women's Clothing Test,Selfridges,In Stock,2025-09-25T21:46:09.065278,2025-09-25T21:46:09.065296,1
R04452682,V-Neck Puff-Sleeve Striped Cotton Top,RO&ZO,19.0,69.0,72.5,50.0,https://www.selfridges.com/GB/en/product/rozo-v-neck-puff-sleeve-striped-cotton-top_R04452682/#colour=Blue,https://images.selfridges.com/is/image/selfridges/R04452682_BLUE_M?wid=476&hei=634&fmt=webp&qlt=80,Women's Clothing Test,Selfridges,In Stock,2025-09-25T21:46:09.066277,2025-09-25T21:46:09.066283,1
R04436316,Owners Club V-Neck Woven Top,REPRESENT,20.0,70.0,71.4,50.0,https://www.selfridges.com/GB/en/product/represent-owners-club-v-neck-woven-top_R04436316/#colour=GREY,https://images.selfridges.com/is/image/selfridges/R04436316_GREY_M?wid=476&hei=634&fmt=webp&qlt=80,Women's Clothing Test,Selfridges,In Stock,2025-09-25T21:46:09.066706,2025-09-25T21:46:09.066710,1
R04443425,Stitch-Embroidered Padded Cotton Jacket,RO&ZO,29.0,99.0,70.7,70.0,https://www.selfridges.com/GB/en/product/rozo-stitch-embroidered-padded-cotton-jacket_R04443425/#colour=Navy Padded Jacket,https://images.selfridges.com/is/image/selfridges/R04443425_NAVYPADDEDJACKET_M?wid=476&hei=634&fmt=webp&qlt=80,Women's Clothing Test,Selfridges,In Stock,2025-09-25T21:46:09.067056,2025-09-25T21:46:09.067059,1
R04397843,Abstract-pattern tie-front stretch-jersey maxi dress,RO&ZO,29.0,99.0,70.7,70.0,https://www.selfridges.com/GB/en/product/rozo-abstract-pattern-tie-front-stretch-jersey-maxi-dress_R04397843/,https://images.selfridges.com/is/image/selfridges/R04397843_MONO_M?wid=476&hei=634&fmt=webp&qlt=80,Women's Clothing Test,Selfridges,In Stock,2025-09-25T21:46:09.067404,2025-09-25T21:46:09.067407,1
R04435389,Gaia V-Neck Stretch-Woven T-Shirt,SWEATY BETTY,17.0,55.0,69.1,38.0,https://www.selfridges.com/GB/en/product/sweaty-betty-gaia-v-neck-stretch-woven-t-shirt_R04435389/,https://images.selfridges.com/is/image/selfridges/R04435389_NAVYBLUE_M?wid=476&hei=634&fmt=webp&qlt=80,Women's Clothing Test,Selfridges,In Stock,2025-09-25T21:46:09.067746,2025-09-25T21:46:09.067749,1
R04468687,Embroidered-Panel Elasticated-Waist Stretch-Cotton Maxi Skirt,RO&ZO,29.0,89.0,67.4,60.0,https://www.selfridges.com/GB/en/product/rozo-embroidered-panel-elasticated-waist-stretch-cotton-maxi-skirt_R04468687/#colour=BLACK,https://images.selfridges.com/is/image/selfridges/R04468687_BLACK_M?wid=476&hei=634&fmt=webp&qlt=80,Women's Clothing Test,Selfridges,In Stock,2025-09-25T21:46:09.068079,2025-09-25T21:46:09.068082,1
R04483039,Shirred-Waist Halterneck Sleeveless Cotton Jumpsuit,RO&ZO,29.0,89.0,67.4,60.0,https://www.selfridges.com/GB/en/product/rozo-shirred-waist-halterneck-sleeveless-cotton-jumpsuit_R04483039/#colour=BLACK,https://images.selfridges.com/is/image/selfridges/R04483039_BLACK_M?wid=476&hei=634&fmt=webp&qlt=80,Women's Clothing Test,Selfridges,In Stock,2025-09-25T21:46:09.068436,2025-09-25T21:46:09.068439,1
R04483040,Shirred-Waist Halterneck Sleeveless Cotton Jumpsuit,RO&ZO,29.0,89.0,67.4,60.0,https://www.selfridges.com/GB/en/product/rozo-shirred-waist-halterneck-sleeveless-cotton-jumpsuit_R04483040/#colour=GREEN,https://images.selfridges.com/is/image/selfridges/R04483040_GREEN_M?wid=476&hei=634&fmt=webp&qlt=80,Women's Clothing Test,Selfridges,In Stock,2025-09-25T21:46:09.068787,2025-09-25T21:46:09.068790,1
R04483046,Square-Neck Puff-Sleeve Broderie Cotton Top,RO&ZO,29.0,89.0,67.4,60.0,https://www.selfridges.com/GB/en/product/rozo-square-neck-puff-sleeve-broderie-cotton-top_R04483046/#colour=RED,https://images.selfridges.com/is/image/selfridges/R04483046_RED_M?wid=476&hei=634&fmt=webp&qlt=80,Women's Clothing Test,Selfridges,In Stock,2025-09-25T21:46:09.069134,2025-09-25T21:46:09.069136,1
R04236886,Straight-neck metallic velvet midi dress,AMY LYNN,39.0,119.0,67.2,80.0,https://www.selfridges.com/GB/en/product/amy-lynn-straight-neck-metallic-velvet-midi-dress_R04236886/#colour=BLACK/GOLD,https://images.selfridges.com/is/image/selfridges/R04236886_BLACKGOLD_M?wid=476&hei=634&fmt=webp&qlt=80,Women's Clothing Test,Selfridges,In Stock,2025-09-25T21:46:09.069527,2025-09-25T21:46:09.069529,1
R04330162,Varsity logo-embroidered cotton-blend sweatshirt,THE COUTURE CLUB,20.0,60.0,66.7,40.0,https://www.selfridges.com/GB/en/product/the-couture-club-varsity-logo-embroidered-cotton-blend-sweatshirt_R04330162/#colour=STONE,https://images.selfridges.com/is/image/selfridges/R04330174_CREAM_M?dpr=on%2C2,Women's Clothing Test,Selfridges,In Stock,2025-09-25T21:46:09.069833,2025-09-25T21:46:09.071581,1
R04435348,Wind Down Funnel-Neck Woven Sweatshirt,SWEATY BETTY,33.0,95.0,65.3,62.0,https://www.selfridges.com/GB/en/product/sweaty-betty-wind-down-funnel-neck-woven-sweatshirt_R04435348/,https://images.selfridges.com/is/image/selfridges/R04435348_WHITEMARL_M?wid=476&hei=634&fmt=webp&qlt=80,Women's Clothing Test,Selfridges,In Stock,2025-09-25T21:46:09.073001,2025-09-25T21:46:09.073005,1
R04449724,Bodie Flared Stretch-Woven Trousers,AMY LYNN,20.65,59.0,65.0,38.35,https://www.selfridges.com/GB/en/product/amy-lynn-bodie-flared-stretch-woven-trousers_R04449724/#colour=RED,https://images.selfridges.com/is/image/selfridges/R04449724_RED_M?wid=476&hei=634&fmt=webp&qlt=80,Women's Clothing Test,Selfridges,In Stock,2025-09-25T21:46:09.073383,2025-09-25T21:46:09.073385,1
R04435246,Power 7/8 Gym Leggings,SWEATY BETTY,31.0,88.0,64.8,57.0,https://www.selfridges.com/GB/en/product/sweaty-betty-power-78-gym-leggings_R04435246/,https://images.selfridges.com/is/image/selfridges/R04435246_GRNTERRAINCAMOPRINT_M?wid=476&hei=634&fmt=webp&qlt=80,Women's Clothing Test,Selfridges,In Stock,2025-09-25T21:46:09.073758,2025-09-25T21:46:09.073761,1
R04435273,Power Graphic-Print High-Rise Stretch-Jersey Leggings,SWEATY BETTY,31.0,88.0,64.8,57.0,https://www.selfridges.com/GB/en/product/sweaty-betty-power-graphic-print-high-rise-stretch-jersey-leggings_R04435273/#colour=GrnTerrain CamPrint,https://images.selfridges.com/is/image/selfridges/R04435273_GRNTERRAINCAMPRINT_M?wid=476&hei=634&fmt=webp&qlt=80,Women's Clothing Test,Selfridges,In Stock,2025-09-25T21:46:09.074114,2025-09-25T21:46:09.074116,1
R04367805,Twist-front crinkled-texture woven top,WHISTLES,29.0,79.0,63.3,50.0,https://www.selfridges.com/GB/en/product/whistles-twist-front-crinkled-texture-woven-top_R04367805/#colour=BLUE,https://images.selfridges.com/is/image/selfridges/R04367805_BLUE_M?wid=476&hei=634&fmt=webp&qlt=80,Women's Clothing Test,Selfridges,In Stock,2025-09-25T21:46:09.074480,2025-09-25T21:46:09.074483,1
R04435044,Shirred-Cuff Lace Cotton Blouse,RO&ZO,29.0,79.0,63.3,50.0,https://www.selfridges.com/GB/en/product/rozo-shirred-cuff-lace-cotton-blouse_R04435044/#colour=WHITE,https://images.selfridges.com/is/image/selfridges/R04435044_WHITE_M?wid=476&hei=634&fmt=webp&qlt=80,Women's Clothing Test,Selfridges,In Stock,2025-09-25T21:46:09.074855,2025-09-25T21:46:09.074857,1
R04468721,Tile-Print High-Waist Woven Maxi Skirt,RO&ZO,29.0,79.0,63.3,50.0,https://www.selfridges.com/GB/en/product/rozo-tile-print-high-waist-woven-maxi-skirt_R04468721/#colour=BROWN,https://images.selfridges.com/is/image/selfridges/R04468721_BROWN_M?wid=476&hei=634&fmt=webp&qlt=80,Women's Clothing Test,Selfridges,In Stock,2025-09-25T21:46:09.075268,2025-09-25T21:46:09.075270,1
R04483041,Flutter-Sleeved Broderie-Pattern Cotton Blouse,RO&ZO,29.0,79.0,63.3,50.0,https://www.selfridges.com/GB/en/product/rozo-flutter-sleeved-broderie-pattern-cotton-blouse_R04483041/#colour=GREEN,https://images.selfridges.com/is/image/selfridges/R04483041_GREEN_M?wid=476&hei=634&fmt=webp&qlt=80,Women's Clothing Test,Selfridges,In Stock,2025-09-25T21:46:09.075709,2025-09-25T21:46:09.075712,1
R04435330,Infinity High-Neck Wool-Blend Top,SWEATY BETTY,29.5,80.0,63.1,50.5,https://www.selfridges.com/GB/en/product/sweaty-betty-infinity-high-neck-wool-blend-top_R04435330/,https://images.selfridges.com/is/image/selfridges/R04435330_INDIGOBLUE_M?wid=476&hei=634&fmt=webp&qlt=80,Women's Clothing Test,Selfridges,In Stock,2025-09-25T21:46:09.076103,2025-09-25T21:46:09.076105,1
R04449705,Eleanor Stripe-Print Puffball Cotton-Blend Mini Dress,AMY LYNN,33.4,89.0,62.5,55.6,https://www.selfridges.com/GB/en/product/amy-lynn-eleanor-stripe-print-puffball-cotton-blend-mini-dress_R04449705/#colour=PINK,https://images.selfridges.com/is/image/selfridges/R04449705_PINK_M?wid=476&hei=634&fmt=webp&qlt=80,Women's Clothing Test,Selfridges,In Stock,2025-09-25T21:46:09.076570,2025-09-25T21:46:09.076572,1
R04449709,Eleanor Shirred Puffball Chambray Mini Dress,AMY LYNN,33.4,89.0,62.5,55.6,https://www.selfridges.com/GB/en/product/amy-lynn-eleanor-shirred-puffball-chambray-mini-dress_R04449709/#colour=Blue,https://images.selfridges.com/is/image/selfridges/R04449709_BLUE_M?wid=476&hei=634&fmt=webp&qlt=80,Women's Clothing Test,Selfridges,In Stock,2025-09-25T21:46:09.076993,2025-09-25T21:46:09.076996,1
R04482463,Nola Long-Sleeve Stretch-Lace Maxi Dress,AMY LYNN,24.4,65.0,62.5,40.6,https://www.selfridges.com/GB/en/product/amy-lynn-nola-long-sleeve-stretch-lace-maxi-dress_R04482463/#colour=YELLOW,https://images.selfridges.com/is/image/selfridges/R04482463_YELLOW_M?wid=476&hei=634&fmt=webp&qlt=80,Women's Clothing Test,Selfridges,In Stock,2025-09-25T21:46:09.077362,2025-09-25T21:46:09.077364,1
R04472361,Puffball Shoulder-Straps Woven Midi Dress,AMY LYNN,37.25,99.0,62.4,61.75,https://www.selfridges.com/GB/en/product/amy-lynn-puffball-shoulder-straps-woven-midi-dress_R04472361/,https://images.selfridges.com/is/image/selfridges/R04472361_BLUE_M?wid=476&hei=634&fmt=webp&qlt=80,Women's Clothing Test,Selfridges,In Stock,2025-09-25T21:46:09.077733,2025-09-25T21:46:09.077735,1
R04492017,Viola Rose-Appliqué Woven Maxi Dress,AMY LYNN,37.25,99.0,62.4,61.75,https://www.selfridges.com/GB/en/product/amy-lynn-viola-rose-applique-woven-maxi-dress_R04492017/#colour=CREAM,https://images.selfridges.com/is/image/selfridges/R04492017_CREAM_M?wid=476&hei=634&fmt=webp&qlt=80,Women's Clothing Test,Selfridges,In Stock,2025-09-25T21:46:09.078114,2025-09-25T21:46:09.078116,1
R04449719,Kiran Gingham-Print Puffball Cotton-Blend Mini Dress,AMY LYNN,33.5,89.0,62.4,55.5,https://www.selfridges.com/GB/en/product/amy-lynn-kiran-gingham-print-puffball-cotton-blend-mini-dress_R04449719/#colour=BLACK,https://images.selfridges.com/is/image/selfridges/R04449719_BLACK_M?wid=476&hei=634&fmt=webp&qlt=80,Women's Clothing Test,Selfridges,In Stock,2025-09-25T21:46:09.078499,2025-09-25T21:46:09.078501,1
R04398596,Blurred Blooms long-sleeve stretch-mesh top,WHISTLES,30.0,79.0,62.0,49.0,https://www.selfridges.com/GB/en/product/whistles-blurred-blooms-long-sleeve-stretch-mesh-top_R04398596/#colour=MULTI-COLOURED,https://images.selfridges.com/is/image/selfridges/R04398596_MULTICOLOURED_M?wid=476&hei=634&fmt=webp&qlt=80,Women's Clothing Test,Selfridges,In Stock,2025-09-25T21:46:09.078892,2025-09-25T21:46:09.078894,1
R04077203,Ruched Long-Sleeve Cotton and Modal-Blend Top,WHISTLES,25.0,65.0,61.5,40.0,https://www.selfridges.com/GB/en/product/whistles-ruched-long-sleeve-cotton-and-modal-blend-top_R04077203/#colour=BLACK,https://images.selfridges.com/is/image/selfridges/R04077203_BLACK_M?wid=476&hei=634&fmt=webp&qlt=80,Women's Clothing Test,Selfridges,In Stock,2025-09-25T21:46:09.079292,2025-09-25T21:46:09.079294,1
R04208221,Snake-print V-neck sleeveless woven top,WHISTLES,25.0,65.0,61.5,40.0,https://www.selfridges.com/GB/en/product/whistles-snake-print-v-neck-sleeveless-woven-top_R04208221/#colour=MULTI-COLOURED,https://images.selfridges.com/is/image/selfridges/R04208221_MULTICOLOURED_M?wid=476&hei=634&fmt=webp&qlt=80,Women's Clothing Test,Selfridges,In Stock,2025-09-25T21:46:09.079687,2025-09-25T21:46:09.079689,1
R04241531,Ruched V-neck cotton and modal-blend top,WHISTLES,25.0,65.0,61.5,40.0,https://www.selfridges.com/GB/en/product/whistles-ruched-v-neck-cotton-and-modal-blend-top_R04241531/#colour=BLACK,https://images.selfridges.com/is/image/selfridges/R04241531_BLACK_M?wid=476&hei=634&fmt=webp&qlt=80,Women's Clothing Test,Selfridges,In Stock,2025-09-25T21:46:09.080095,2025-09-25T21:46:09.080097,1
R04400993,Super Soft 7/8 high-rise stretch-jersey yoga leggings,SWEATY BETTY,34.0,88.0,61.4,54.0,https://www.selfridges.com/GB/en/product/sweaty-betty-super-soft-78-high-rise-stretch-jersey-yoga-leggings_R04400993/,https://images.selfridges.com/is/image/selfridges/R04400993_TREKGREENSPRAYDYE_M?wid=476&hei=634&fmt=webp&qlt=80,Women's Clothing Test,Selfridges,In Stock,2025-09-25T21:46:09.080556,2025-09-25T21:46:09.080558,1
R04401000,Super Soft graphic-print stretch-jersey yoga leggings,SWEATY BETTY,34.0,88.0,61.4,54.0,https://www.selfridges.com/GB/en/product/sweaty-betty-super-soft-graphic-print-stretch-jersey-yoga-leggings_R04401000/#colour=Trek Green Spray Dye,https://images.selfridges.com/is/image/selfridges/R04401000_TREKGREENSPRAYDYE_M?wid=476&hei=634&fmt=webp&qlt=80,Women's Clothing Test,Selfridges,In Stock,2025-09-25T21:46:09.080986,2025-09-25T21:46:09.080988,1
R04246137,Abstract Leopard-Print Regular-Fit Woven Shirt,WHISTLES,35.0,89.0,60.7,54.0,https://www.selfridges.com/GB/en/product/whistles-abstract-leopard-print-regular-fit-woven-shirt_R04246137/#colour=MULTI-COLOURED,https://images.selfridges.com/is/image/selfridges/R04246137_MULTICOLOURED_M?wid=476&hei=634&fmt=webp&qlt=80,Women's Clothing Test,Selfridges,In Stock,2025-09-25T21:46:09.081425,2025-09-25T21:46:09.081461,1
R04268716,Circle Graphic-Print Woven Blouse,WHISTLES,35.0,89.0,60.7,54.0,https://www.selfridges.com/GB/en/product/whistles-circle-graphic-print-woven-blouse_R04268716/#colour=BLACK,https://images.selfridges.com/is/image/selfridges/R04268716_BLACK_M?wid=476&hei=634&fmt=webp&qlt=80,Women's Clothing Test,Selfridges,In Stock,2025-09-25T21:46:09.082256,2025-09-25T21:46:09.082262,1
R04399619,Chain-print round-neck woven shirt,WHISTLES,35.0,89.0,60.7,54.0,https://www.selfridges.com/GB/en/product/whistles-chain-print-round-neck-woven-shirt_R04399619/#colour=BLACK,https://images.selfridges.com/is/image/selfridges/R04399619_BLACK_M?wid=476&hei=634&fmt=webp&qlt=80,Women's Clothing Test,Selfridges,In Stock,2025-09-25T21:46:09.082778,2025-09-25T21:46:09.082780,1
R04084633,Star check-print A-line viscose skirt,WHISTLES,39.0,99.0,60.6,60.0,https://www.selfridges.com/GB/en/product/whistles-star-check-print-a-line-viscose-skirt_R04084633/#colour=MULTI-COLOURED,https://images.selfridges.com/is/image/selfridges/R04084633_MULTICOLOURED_M?wid=476&hei=634&fmt=webp&qlt=80,Women's Clothing Test,Selfridges,In Stock,2025-09-25T21:46:09.083294,2025-09-25T21:46:09.083296,1
R04248209,One-shoulder slim-fit cotton-blend top,WHISTLES,39.0,99.0,60.6,60.0,https://www.selfridges.com/GB/en/product/whistles-one-shoulder-slim-fit-cotton-blend-top_R04248209/#colour=BLACK,https://images.selfridges.com/is/image/selfridges/R04248209_BLACK_M?wid=476&hei=634&fmt=webp&qlt=80,Women's Clothing Test,Selfridges,In Stock,2025-09-25T21:46:09.083748,2025-09-25T21:46:09.083750,1
R04248210,One-shoulder puff-sleeve cotton-blend top,WHISTLES,39.0,99.0,60.6,60.0,https://www.selfridges.com/GB/en/product/whistles-one-shoulder-puff-sleeve-cotton-blend-top_R04248210/#colour=CREAM,https://images.selfridges.com/is/image/selfridges/R04248210_CREAM_M?wid=476&hei=634&fmt=webp&qlt=80,Women's Clothing Test,Selfridges,In Stock,2025-09-25T21:46:09.084208,2025-09-25T21:46:09.084210,1
R04329052,Animal-print front-split linen-blend midi skirt,WHISTLES,39.0,99.0,60.6,60.0,https://www.selfridges.com/GB/en/product/whistles-animal-print-front-split-linen-blend-midi-skirt_R04329052/#colour=MULTICOLOUR,https://images.selfridges.com/is/image/selfridges/R04329052_MULTICOLOUR_M?wid=476&hei=634&fmt=webp&qlt=80,Women's Clothing Test,Selfridges,In Stock,2025-09-25T21:46:09.084676,2025-09-25T21:46:09.084678,1
R04348977,Palm-print elasticated-waist linen-blend trousers,WHISTLES,39.0,99.0,60.6,60.0,https://www.selfridges.com/GB/en/product/whistles-palm-print-elasticated-waist-linen-blend-trousers_R04348977/#colour=CREAM,https://images.selfridges.com/is/image/selfridges/R04348977_CREAM_M?wid=476&hei=634&fmt=webp&qlt=80,Women's Clothing Test,Selfridges,In Stock,2025-09-25T21:46:09.085115,2025-09-25T21:46:09.085117,1
R04356247,Nicola stripe-print high-rise woven trousers,WHISTLES,39.0,99.0,60.6,60.0,https://www.selfridges.com/GB/en/product/whistles-nicola-stripe-print-high-rise-woven-trousers_R04356247/#colour=MULTICOLOUR,https://images.selfridges.com/is/image/selfridges/R04356247_MULTICOLOUR_M?wid=476&hei=634&fmt=webp&qlt=80,Women's Clothing Test,Selfridges,In Stock,2025-09-25T21:46:09.085602,2025-09-25T21:46:09.085604,1
R04358548,Linear leaf-print wrap-front cotton midi skirt,WHISTLES,39.0,99.0,60.6,60.0,https://www.selfridges.com/GB/en/product/whistles-linear-leaf-print-wrap-front-cotton-midi-skirt_R04358548/#colour=MULTI-COLOURED,https://images.selfridges.com/is/image/selfridges/R04358548_MULTICOLOURED_M?wid=476&hei=634&fmt=webp&qlt=80,Women's Clothing Test,Selfridges,In Stock,2025-09-25T21:46:09.086038,2025-09-25T21:46:09.086039,1
R04366385,Open-collar ombre-pattern cotton-knit tank,WHISTLES,39.0,99.0,60.6,60.0,https://www.selfridges.com/GB/en/product/whistles-open-collar-ombre-pattern-cotton-knit-tank_R04366385/#colour=MULTI-COLOURED,https://images.selfridges.com/is/image/selfridges/R04366385_MULTICOLOURED_M?wid=476&hei=634&fmt=webp&qlt=80,Women's Clothing Test,Selfridges,In Stock,2025-09-25T21:46:09.086475,2025-09-25T21:46:09.086477,1
R04482466,Floral Halterneck Crotchet Top,AMY LYNN,15.5,39.0,60.3,23.5,https://www.selfridges.com/GB/en/product/amy-lynn-floral-halterneck-crotchet-top_R04482466/#colour=WHITE,https://images.selfridges.com/is/image/selfridges/R04482466_WHITE_M?wid=476&hei=634&fmt=webp&qlt=80,Women's Clothing Test,Selfridges,In Stock,2025-09-25T21:46:09.086915,2025-09-25T21:46:09.086917,1
R04491997,Ambra Sequin Woven Top,AMY LYNN,15.6,39.0,60.0,23.4,https://www.selfridges.com/GB/en/product/amy-lynn-ambra-sequin-woven-top_R04491997/#colour=LIME,https://images.selfridges.com/is/image/selfridges/R04491997_LIME_M?wid=476&hei=634&fmt=webp&qlt=80,Women's Clothing Test,Selfridges,In Stock,2025-09-25T21:46:09.087404,2025-09-25T21:46:09.087405,1
R04482465,Cici Floral Straight-Leg Crotchet Trousers,AMY LYNN,30.0,75.0,60.0,45.0,https://www.selfridges.com/GB/en/product/amy-lynn-cici-floral-straight-leg-crotchet-trousers_R04482465/#colour=WHITE,https://images.selfridges.com/is/image/selfridges/R04482465_WHITE_M?wid=476&hei=634&fmt=webp&qlt=80,Women's Clothing Test,Selfridges,In Stock,2025-09-25T21:46:09.087859,2025-09-25T21:46:09.087860,1
R04319207,YRoll Neck knitted T-shirt,THE WHITE COMPAN,22.0,55.0,60.0,33.0,https://www.selfridges.com/GB/en/product/the-white-company-roll-neck-knitted-t-shirt_R04319207/#colour=CharcMarl,https://images.selfridges.com/is/image/selfridges/R04319207_CHARCMARL_M?wid=476&hei=634&fmt=webp&qlt=80,Women's Clothing Test,Selfridges,Out of Stock,2025-09-25T21:46:09.088312,2025-09-25T21:46:09.088314,0
R04492018,Gianna Sequin Knitted Mini Dress,AMY LYNN,35.6,89.0,60.0,53.4,https://www.selfridges.com/GB/en/product/amy-lynn-gianna-sequin-knitted-mini-dress_R04492018/#colour=CREAM,https://images.selfridges.com/is/image/selfridges/R04492018_CREAM_M?wid=476&hei=634&fmt=webp&qlt=80,Women's Clothing Test,Selfridges,In Stock,2025-09-25T21:46:09.088771,2025-09-25T21:46:09.088773,1
R04446275,Leopard-Print V-Neck Woven Top,WHISTLES,32.0,79.0,59.5,47.0,https://www.selfridges.com/GB/en/product/whistles-leopard-print-v-neck-woven-top_R04446275/#colour=MULTI-COLOURED,https://images.selfridges.com/is/image/selfridges/R04446275_MULTICOLOURED_M?wid=476&hei=634&fmt=webp&qlt=80,Women's Clothing Test,Selfridges,In Stock,2025-09-25T21:46:09.089240,2025-09-25T21:46:09.089242,1
R04487878,Contrast-Strap Scalloped-Trim Cotton Cami Top,RO&ZO,29.0,69.0,58.0,40.0,https://www.selfridges.com/GB/en/product/rozo-contrast-strap-scalloped-trim-cotton-cami-top_R04487878/#colour=BLACK,https://images.selfridges.com/is/image/selfridges/R04487878_BLACK_M?wid=476&hei=634&fmt=webp&qlt=80,Women's Clothing Test,Selfridges,In Stock,2025-09-25T21:46:09.089714,2025-09-25T21:46:09.089716,1
R04435396,Athlete Seamless Workout Stretch-Woven T-Shirt,SWEATY BETTY,19.5,45.0,56.7,25.5,https://www.selfridges.com/GB/en/product/sweaty-betty-athlete-seamless-workout-stretch-woven-t-shirt_R04435396/#colour=Tidal IndigoBlu Marl,https://images.selfridges.com/is/image/selfridges/R04435396_TIDALINDIGOBLUMARL_M?wid=476&hei=634&fmt=webp&qlt=80,Women's Clothing Test,Selfridges,In Stock,2025-09-25T21:46:09.090243,2025-09-25T21:46:09.090245,1
R04279254,Leopard-print high-rise woven midi skirt,WHISTLES,39.0,89.0,56.2,50.0,https://www.selfridges.com/GB/en/product/whistles-leopard-print-high-rise-woven-midi-skirt_R04279254/#colour=MULTI-COLOURED,https://images.selfridges.com/is/image/selfridges/R04279254_MULTICOLOURED_M?wid=476&hei=634&fmt=webp&qlt=80,Women's Clothing Test,Selfridges,In Stock,2025-09-25T21:46:09.090739,2025-09-25T21:46:09.090740,1
R04298281,Williamsburg logo-embroidered long-sleeve cotton sweatshirt,WHISTLES,39.0,89.0,56.2,50.0,https://www.selfridges.com/GB/en/product/whistles-williamsburg-logo-embroidered-long-sleeve-cotton-sweatshirt_R04298281/#colour=BLACK,https://images.selfridges.com/is/image/selfridges/R04298281_BLACK_M?wid=476&hei=634&fmt=webp&qlt=80,Women's Clothing Test,Selfridges,In Stock,2025-09-25T21:46:09.091238,2025-09-25T21:46:09.091240,1
R04327229,Bandeau zip-fastening stretch-crepe top,RO&ZO,39.0,89.0,56.2,50.0,https://www.selfridges.com/GB/en/product/rozo-bandeau-zip-fastening-stretch-crepe-top_R04327229/#colour=Blue,https://images.selfridges.com/is/image/selfridges/R04327229_BLUE_M?wid=476&hei=634&fmt=webp&qlt=80,Women's Clothing Test,Selfridges,In Stock,2025-09-25T21:46:09.091755,2025-09-25T21:46:09.091756,1
R04358588,Dainty square-neck knitted bralette,MISTRESS ROCKS,39.0,89.0,56.2,50.0,https://www.selfridges.com/GB/en/product/mistress-rocks-dainty-square-neck-knitted-bralette_R04358588/#colour=TANGERINE,https://images.selfridges.com/is/image/selfridges/R04358588_TANGERINE_M?wid=476&hei=634&fmt=webp&qlt=80,Women's Clothing Test,Selfridges,In Stock,2025-09-25T21:46:09.092264,2025-09-25T21:46:09.092265,1
R04514399,Revive Crewneck Cotton-Jersey Sweatshirt,SWEATY BETTY,31.0,70.0,55.7,39.0,https://www.selfridges.com/GB/en/product/sweaty-betty-revive-crewneck-cotton-jersey-sweatshirt_R04514399/#colour=Lollipop Pink,https://images.selfridges.com/is/image/selfridges/R04514399_LOLLIPOPPINK_M?wid=476&hei=634&fmt=webp&qlt=80,Women's Clothing Test,Selfridges,In Stock,2025-09-25T21:46:09.092770,2025-09-25T21:46:09.092772,1
R04241535,Sahara ruched-front leopard-print stretch-woven top,WHISTLES,35.0,79.0,55.7,44.0,https://www.selfridges.com/GB/en/product/whistles-sahara-ruched-front-leopard-print-stretch-woven-top_R04241535/#colour=PINK/MULTI,https://images.selfridges.com/is/image/selfridges/R04241535_PINKMULTI_M?wid=476&hei=634&fmt=webp&qlt=80,Women's Clothing Test,Selfridges,In Stock,2025-09-25T21:46:09.093238,2025-09-25T21:46:09.093239,1
R04435422,Pro Racket Power Stretch-Woven Tank Top,SWEATY BETTY,22.5,50.0,55.0,27.5,https://www.selfridges.com/GB/en/product/sweaty-betty-pro-racket-power-stretch-woven-tank-top_R04435422/,https://images.selfridges.com/is/image/selfridges/R04435422_WHITE_M?wid=476&hei=634&fmt=webp&qlt=80,Women's Clothing Test,Selfridges,In Stock,2025-09-25T21:46:09.093712,2025-09-25T21:46:09.093713,1
R04514488,At Ease Wide-Leg Modal-Jersey Trousers,SWEATY BETTY,37.0,80.0,53.8,43.0,https://www.selfridges.com/GB/en/product/sweaty-betty-at-ease-wide-leg-modal-jersey-trousers_R04514488/,https://images.selfridges.com/is/image/selfridges/R04514488_DUSKBEIGE_M?wid=476&hei=634&fmt=webp&qlt=80,Women's Clothing Test,Selfridges,In Stock,2025-09-25T21:46:09.094189,2025-09-25T21:46:09.094190,1
R04514489,At Ease Wide-Leg Modal-Jersey Trousers,SWEATY BETTY,37.0,80.0,53.8,43.0,https://www.selfridges.com/GB/en/product/sweaty-betty-at-ease-wide-leg-modal-jersey-trousers_R04514489/#colour=Dusk Beige,https://images.selfridges.com/is/image/selfridges/R04514489_DUSKBEIGE_M?wid=476&hei=634&fmt=webp&qlt=80,Women's Clothing Test,Selfridges,In Stock,2025-09-25T21:46:09.094671,2025-09-25T21:46:09.094672,1
R04434077,Dee Lace-Up Bikini Top,REISS,28.0,60.0,53.3,32.0,https://www.selfridges.com/GB/en/product/reiss-dee-lace-up-bikini-top_R04434077/#colour=BLACK,https://images.selfridges.com/is/image/selfridges/R04434077_BLACK_M?wid=476&hei=634&fmt=webp&qlt=80,Women's Clothing Test,Selfridges,In Stock,2025-09-25T21:46:09.095192,2025-09-25T21:46:09.095194,1
R04435326,Athlete Seamless Gym Long-Sleeve Stretch-Woven Top,SWEATY BETTY,26.0,55.0,52.7,29.0,https://www.selfridges.com/GB/en/product/sweaty-betty-athlete-seamless-gym-long-sleeve-stretch-woven-top_R04435326/#colour=SeaSpr RipBlue Marl,https://images.selfridges.com/is/image/selfridges/R04435326_SEASPRRIPBLUEMARL_M?wid=476&hei=634&fmt=webp&qlt=80,Women's Clothing Test,Selfridges,In Stock,2025-09-25T21:46:09.095695,2025-09-25T21:46:09.095696,1
R04435253,Reform Ribbed Stretch-Jersey Bodycon Dress,SWEATY BETTY,38.5,80.0,51.9,41.5,https://www.selfridges.com/GB/en/product/sweaty-betty-reform-ribbed-stretch-jersey-bodycon-dress_R04435253/#colour=BLACK,https://images.selfridges.com/is/image/selfridges/R04435253_BLACK_M?wid=476&hei=634&fmt=webp&qlt=80,Women's Clothing Test,Selfridges,In Stock,2025-09-25T21:46:09.096202,2025-09-25T21:46:09.096203,1
R04435404,Pro Racket Power Stretch-Woven T-Shirt,SWEATY BETTY,26.5,55.0,51.8,28.5,https://www.selfridges.com/GB/en/product/sweaty-betty-pro-racket-power-stretch-woven-t-shirt_R04435404/#colour=WHITE,https://images.selfridges.com/is/image/selfridges/R04435404_WHITE_M?wid=476&hei=634&fmt=webp&qlt=80,Women's Clothing Test,Selfridges,In Stock,2025-09-25T21:46:09.096728,2025-09-25T21:46:09.096729,1
R04498388,Harper Racer Modal-Jersey Vest Top,SWEATY BETTY,13.5,28.0,51.8,14.5,https://www.selfridges.com/GB/en/product/sweaty-betty-harper-racer-modal-jersey-vest-top_R04498388/#colour=NAVY BLUE,https://images.selfridges.com/is/image/selfridges/R04498388_NAVYBLUE_M?wid=476&hei=634&fmt=webp&qlt=80,Women's Clothing Test,Selfridges,In Stock,2025-09-25T21:46:09.097238,2025-09-25T21:46:09.097239,1
R04462573,Vacation Logo-Print Cotton-Jersey T-shirt,ADANOLA,19.0,39.0,51.3,20.0,https://www.selfridges.com/GB/en/product/adanola-vacation-logo-print-cotton-jersey-t-shirt_R04462573/#colour=White/mango Orange,https://images.selfridges.com/is/image/selfridges/R04462573_WHITEMANGOORANGE_M?wid=476&hei=634&fmt=webp&qlt=80,Women's Clothing Test,Selfridges,In Stock,2025-09-25T21:46:09.097753,2025-09-25T21:46:09.097755,1
R04462559,Oversized Striped Cotton-Poplin Shirt,ADANOLA,27.0,55.0,50.9,28.0,https://www.selfridges.com/GB/en/product/adanola-oversized-striped-cotton-poplin-shirt_R04462559/#colour=BLUE/WHITE,https://images.selfridges.com/is/image/selfridges/R04462559_BLUEWHITE_M?wid=476&hei=634&fmt=webp&qlt=80,Women's Clothing Test,Selfridges,In Stock,2025-09-25T21:46:09.098290,2025-09-25T21:46:09.098291,1
R04438171,Initial Ribbed Stretch-Cotton T-Shirt,REPRESENT,32.0,65.0,50.8,33.0,https://www.selfridges.com/GB/en/product/represent-initial-ribbed-stretch-cotton-t-shirt_R04438171/#colour=STORM,https://images.selfridges.com/is/image/selfridges/R04438171_STORM_M?wid=476&hei=634&fmt=webp&qlt=80,Women's Clothing Test,Selfridges,In Stock,2025-09-25T21:46:09.098810,2025-09-25T21:46:09.098811,1
R04438185,Initial Ribbed Stretch-Cotton T-Shirt,REPRESENT,32.0,65.0,50.8,33.0,https://www.selfridges.com/GB/en/product/represent-initial-ribbed-stretch-cotton-t-shirt_R04438185/#colour=DESERT SAGE,https://images.selfridges.com/is/image/selfridges/R04438185_DESERTSAGE_M?wid=476&hei=634&fmt=webp&qlt=80,Women's Clothing Test,Selfridges,In Stock,2025-09-25T21:46:09.099351,2025-09-25T21:46:09.099352,1
R04267981,Long-Sleeve Leopard-Print Woven Blouse,RO&ZO,39.0,79.0,50.6,40.0,https://www.selfridges.com/GB/en/product/rozo-long-sleeve-leopard-print-woven-blouse_R04267981/#colour=KHAKI,https://images.selfridges.com/is/image/selfridges/R04267981_KHAKI_M?wid=476&hei=634&fmt=webp&qlt=80,Women's Clothing Test,Selfridges,In Stock,2025-09-25T21:46:09.099891,2025-09-25T21:46:09.099893,1
R04316027,Clara longline round-neck satin tank top,WHISTLES,39.0,79.0,50.6,40.0,https://www.selfridges.com/GB/en/product/whistles-clara-longline-round-neck-satin-tank-top_R04316027/#colour=Blue,https://images.selfridges.com/is/image/selfridges/R04316027_BLUE_M?wid=476&hei=634&fmt=webp&qlt=80,Women's Clothing Test,Selfridges,In Stock,2025-09-25T21:46:09.100445,2025-09-25T21:46:09.100446,1
R04367275,Brushwork-print long-sleeve stretch-mesh top,WHISTLES,39.0,79.0,50.6,40.0,https://www.selfridges.com/GB/en/product/whistles-brushwork-print-long-sleeve-stretch-mesh-top_R04367275/#colour=MULTI-COLOURED,https://images.selfridges.com/is/image/selfridges/R04367275_MULTICOLOURED_M?wid=476&hei=634&fmt=webp&qlt=80,Women's Clothing Test,Selfridges,In Stock,2025-09-25T21:46:09.101008,2025-09-25T21:46:09.101009,1
R04498633,Orla Round-Neck Floral-Lace Woven T-Shirt,AMY LYNN,14.5,29.0,50.0,14.5,https://www.selfridges.com/GB/en/product/amy-lynn-orla-round-neck-floral-lace-woven-t-shirt_R04498633/#colour=Blue,https://images.selfridges.com/is/image/selfridges/R04498633_BLUE_M?wid=476&hei=634&fmt=webp&qlt=80,Women's Clothing Test,Selfridges,In Stock,2025-09-25T21:46:09.101648,2025-09-25T21:46:09.101651,1
R04422035,Ribbed Mid-Length Stretch Cotton-Blend Socks,HOMMEGIRLS,15.0,30.0,50.0,15.0,https://www.selfridges.com/GB/en/product/hommegirls-ribbed-mid-length-stretch-cotton-blend-socks_R04422035/#colour=BLACK,https://images.selfridges.com/is/image/selfridges/R04422035_BLACK_M?wid=476&hei=634&fmt=webp&qlt=80,Women's Clothing Test,Selfridges,In Stock,2025-09-25T21:46:09.102295,2025-09-25T21:46:09.102296,1
R04514496,Spirit Restored Seamless Yoga Bra,SWEATY BETTY,17.5,35.0,50.0,17.5,https://www.selfridges.com/GB/en/product/sweaty-betty-spirit-restored-seamless-yoga-bra_R04514496/#colour=Lollipop Pink,https://images.selfridges.com/is/image/selfridges/R04514496_LOLLIPOPPINK_M?wid=476&hei=634&fmt=webp&qlt=80,Women's Clothing Test,Selfridges,In Stock,2025-09-25T21:46:09.102879,2025-09-25T21:46:09.102881,1
R04472355,Bubble Strapless Stretch-Cotton Top,AMY LYNN,19.5,39.0,50.0,19.5,https://www.selfridges.com/GB/en/product/amy-lynn-bubble-strapless-stretch-cotton-top_R04472355/#colour=BLACK,https://images.selfridges.com/is/image/selfridges/R04472355_BLACK_M?wid=476&hei=634&fmt=webp&qlt=80,Women's Clothing Test,Selfridges,In Stock,2025-09-25T21:46:09.103447,2025-09-25T21:46:09.103448,1
R04462561,Relaxed-Fit Striped Cotton-Poplin Boxer Shorts,ADANOLA,20.0,40.0,50.0,20.0,https://www.selfridges.com/GB/en/product/adanola-relaxed-fit-striped-cotton-poplin-boxer-shorts_R04462561/#colour=BLUE/WHITE,https://images.selfridges.com/is/image/selfridges/R04462561_BLUEWHITE_M?wid=476&hei=634&fmt=webp&qlt=80,Women's Clothing Test,Selfridges,In Stock,2025-09-25T21:46:09.103995,2025-09-25T21:46:09.103997,1
R04481329,DayFlex Contrast Logo Band Sports Bra,WE ARE TALA,21.0,42.0,50.0,21.0,https://www.selfridges.com/GB/en/product/we-are-tala-dayflex-contrast-logo-band-sports-bra_R04481329/#colour=MIDNIGHT NAVY,https://images.selfridges.com/is/image/selfridges/R04481329_MIDNIGHTNAVY_M?wid=476&hei=634&fmt=webp&qlt=80,Women's Clothing Test,Selfridges,In Stock,2025-09-25T21:46:09.104546,2025-09-25T21:46:09.104548,1
R04481330,DayFlex Contrast Logo Band Sports Bra,WE ARE TALA,21.0,42.0,50.0,21.0,https://www.selfridges.com/GB/en/product/we-are-tala-dayflex-contrast-logo-band-sports-bra_R04481330/,https://images.selfridges.com/is/image/selfridges/R04481330_VINTAGERED_M?wid=476&hei=634&fmt=webp&qlt=80,Women's Clothing Test,Selfridges,In Stock,2025-09-25T21:46:09.105101,2025-09-25T21:46:09.105102,1
R04468877,Signature Swim Tanga Bikini Bottoms,SKIMS,23.0,46.0,50.0,23.0,https://www.selfridges.com/GB/en/product/skims-signature-swim-tanga-bikini-bottoms_R04468877/#colour=ONYX,https://images.selfridges.com/is/image/selfridges/R04468895_JUPITERTWOTONE_M?dpr=on%2C2,Women's Clothing Test,Selfridges,In Stock,2025-09-25T21:46:09.105663,2025-09-25T21:46:09.105665,1
R04468876,Signature Swim Dip Tie Bikini Bottoms,SKIMS,24.0,48.0,50.0,24.0,https://www.selfridges.com/GB/en/product/skims-signature-swim-dip-tie-bikini-bottoms_R04468876/,https://images.selfridges.com/is/image/selfridges/R04468895_JUPITERTWOTONE_M?dpr=on%2C2,Women's Clothing Test,Selfridges,In Stock,2025-09-25T21:46:09.106215,2025-09-25T21:46:09.106217,1
R04468887,Signature Swim Triangle Bikini Top,SKIMS,24.0,48.0,50.0,24.0,https://www.selfridges.com/GB/en/product/skims-signature-swim-triangle-bikini-top_R04468887/,https://images.selfridges.com/is/image/selfridges/R04468895_JUPITERTWOTONE_M?dpr=on%2C2,Women's Clothing Test,Selfridges,In Stock,2025-09-25T21:46:09.107070,2025-09-25T21:46:09.107073,1
R04481338,DayFlex Logo Pleated Stretch-Woven Tennis Skort,WE ARE TALA,24.0,48.0,50.0,24.0,https://www.selfridges.com/GB/en/product/we-are-tala-dayflex-logo-pleated-stretch-woven-tennis-skort_R04481338/,https://images.selfridges.com/is/image/selfridges/R04481338_IVORY_M?wid=476&hei=634&fmt=webp&qlt=80,Women's Clothing Test,Selfridges,In Stock,2025-09-25T21:46:09.107687,2025-09-25T21:46:09.107689,1
R04491995,Milena Vegan Leather Mini Skirt,AMY LYNN,24.5,49.0,50.0,24.5,https://www.selfridges.com/GB/en/product/amy-lynn-milena-vegan-leather-mini-skirt_R04491995/#colour=YELLOW,https://images.selfridges.com/is/image/selfridges/R04491995_YELLOW_M?wid=476&hei=634&fmt=webp&qlt=80,Women's Clothing Test,Selfridges,In Stock,2025-09-25T21:46:09.108282,2025-09-25T21:46:09.108283,1
R04491999,Teresa Ruffle Chiffon Mini Skirt,AMY LYNN,24.5,49.0,50.0,24.5,https://www.selfridges.com/GB/en/product/amy-lynn-teresa-ruffle-chiffon-mini-skirt_R04491999/#colour=Blue,https://images.selfridges.com/is/image/selfridges/R04491999_BLUE_M?wid=476&hei=634&fmt=webp&qlt=80,Women's Clothing Test,Selfridges,In Stock,2025-09-25T21:46:09.108844,2025-09-25T21:46:09.108845,1
R04492000,Stefania Ruffle Shirred Chiffon Top,AMY LYNN,24.5,49.0,50.0,24.5,https://www.selfridges.com/GB/en/product/amy-lynn-stefania-ruffle-shirred-chiffon-top_R04492000/#colour=Blue,https://images.selfridges.com/is/image/selfridges/R04492000_BLUE_M?wid=476&hei=634&fmt=webp&qlt=80,Women's Clothing Test,Selfridges,In Stock,2025-09-25T21:46:09.109421,2025-09-25T21:46:09.109422,1
R04492003,Calla Textured Peplum Woven Top,AMY LYNN,26.0,52.0,50.0,26.0,https://www.selfridges.com/GB/en/product/amy-lynn-calla-textured-peplum-woven-top_R04492003/#colour=IVORY,https://images.selfridges.com/is/image/selfridges/R04492003_IVORY_M?wid=476&hei=634&fmt=webp&qlt=80,Women's Clothing Test,Selfridges,In Stock,2025-09-25T21:46:09.109974,2025-09-25T21:46:09.109975,1
R04449712,Claudia Puffball Chambray Mini Skirt,AMY LYNN,27.5,55.0,50.0,27.5,https://www.selfridges.com/GB/en/product/amy-lynn-claudia-puffball-chambray-mini-skirt_R04449712/#colour=Blue,https://images.selfridges.com/is/image/selfridges/R04449712_BLUE_M?wid=476&hei=634&fmt=webp&qlt=80,Women's Clothing Test,Selfridges,In Stock,2025-09-25T21:46:09.110537,2025-09-25T21:46:09.110538,1
R04472353,Pleated Mid-Waist Woven Mini Skirt,AMY LYNN,27.5,55.0,50.0,27.5,https://www.selfridges.com/GB/en/product/amy-lynn-pleated-mid-waist-woven-mini-skirt_R04472353/#colour=Blue,https://images.selfridges.com/is/image/selfridges/R04472353_BLUE_M?wid=476&hei=634&fmt=webp&qlt=80,Women's Clothing Test,Selfridges,In Stock,2025-09-25T21:46:09.111087,2025-09-25T21:46:09.111088,1
R04492008,Bella Puffball Satin Mini Skirt,AMY LYNN,27.5,55.0,50.0,27.5,https://www.selfridges.com/GB/en/product/amy-lynn-bella-puffball-satin-mini-skirt_R04492008/#colour=ECRU,https://images.selfridges.com/is/image/selfridges/R04492008_ECRU_M?wid=476&hei=634&fmt=webp&qlt=80,Women's Clothing Test,Selfridges,In Stock,2025-09-25T21:46:09.111860,2025-09-25T21:46:09.111863,1
R04468870,Bow-Embroidered Tulle Triangle Camisole Top,SKIMS,29.0,58.0,50.0,29.0,https://www.selfridges.com/GB/en/product/skims-bow-embroidered-tulle-triangle-camisole-top_R04468870/#colour=Powder Blue Bow Tulle,https://images.selfridges.com/is/image/selfridges/R04468870_POWDERBLUEBOWTULLE_M?wid=476&hei=634&fmt=webp&qlt=80,Women's Clothing Test,Selfridges,In Stock,2025-09-25T21:46:09.112473,2025-09-25T21:46:09.112475,1
R04302539,YStripe-print boxy cotton-jersey T-shirt,THE WHITE COMPAN,29.5,59.0,50.0,29.5,https://www.selfridges.com/GB/en/product/the-white-company-stripe-print-boxy-cotton-jersey-t-shirt_R04302539/#colour=DEEP WATER,https://images.selfridges.com/is/image/selfridges/R04302539_DEEPWATER_M?wid=476&hei=634&fmt=webp&qlt=80,Women's Clothing Test,Selfridges,In Stock,2025-09-25T21:46:09.113056,2025-09-25T21:46:09.113058,1
R04482467,Paola Ruffled Chiffon Top,AMY LYNN,29.5,59.0,50.0,29.5,https://www.selfridges.com/GB/en/product/amy-lynn-paola-ruffled-chiffon-top_R04482467/#colour=PINK,https://images.selfridges.com/is/image/selfridges/R04482467_PINK_M?wid=476&hei=634&fmt=webp&qlt=80,Women's Clothing Test,Selfridges,In Stock,2025-09-25T21:46:09.113737,2025-09-25T21:46:09.113738,1
R04492007,Flavia Ruffle Satin Top,AMY LYNN,29.5,59.0,50.0,29.5,https://www.selfridges.com/GB/en/product/amy-lynn-flavia-ruffle-satin-top_R04492007/#colour=ECRU,https://images.selfridges.com/is/image/selfridges/R04492007_ECRU_M?wid=476&hei=634&fmt=webp&qlt=80,Women's Clothing Test,Selfridges,In Stock,2025-09-25T21:46:09.114317,2025-09-25T21:46:09.114319,1
R04492026,Lucia Embellished Woven Mini Skirt,AMY LYNN,29.5,59.0,50.0,29.5,https://www.selfridges.com/GB/en/product/amy-lynn-lucia-embellished-woven-mini-skirt_R04492026/#colour=CREAM,https://images.selfridges.com/is/image/selfridges/R04492026_CREAM_M?wid=476&hei=634&fmt=webp&qlt=80,Women's Clothing Test,Selfridges,In Stock,2025-09-25T21:46:09.114897,2025-09-25T21:46:09.114899,1
R04435374,Power 6in Stretch-Woven Cycling Shorts,SWEATY BETTY,30.0,60.0,50.0,30.0,https://www.selfridges.com/GB/en/product/sweaty-betty-power-6in-stretch-woven-cycling-shorts_R04435374/#colour=Blue Aurora Print,https://images.selfridges.com/is/image/selfridges/R04435374_BLUEAURORAPRINT_M?wid=476&hei=634&fmt=webp&qlt=80,Women's Clothing Test,Selfridges,In Stock,2025-09-25T21:46:09.115477,2025-09-25T21:46:09.115478,1
R04435375,"Power 6"""""""" Cycling Shorts""""","SWEATY BETTY""""",30.0,60.0,50.0,30.0,https://www.selfridges.com/GB/en/product/sweaty-betty-power-6-cycling-shorts_R04435375/#colour=Blue Meadow Print,https://images.selfridges.com/is/image/selfridges/R04435375_BLUEMEADOWPRINT_M?wid=476&hei=634&fmt=webp&qlt=80,Women's Clothing Test,Selfridges,In Stock,2025-09-25T21:46:09.116198,2025-09-25T21:46:09.116200,1
R04435379,Power 6 Logo-Print Stretch-Jersey Biker Shorts,SWEATY BETTY,30.0,60.0,50.0,30.0,https://www.selfridges.com/GB/en/product/sweaty-betty-power-6-logo-print-stretch-jersey-biker-shorts_R04435379/,https://images.selfridges.com/is/image/selfridges/R04435379_FUCHSIAPINK_M?wid=476&hei=634&fmt=webp&qlt=80,Women's Clothing Test,Selfridges,In Stock,2025-09-25T21:46:09.116798,2025-09-25T21:46:09.116800,1
R04462552,Vacation High-Neck Cotton-Blend Sweatshirt,ADANOLA,30.0,60.0,50.0,30.0,https://www.selfridges.com/GB/en/product/adanola-vacation-high-neck-cotton-blend-sweatshirt_R04462552/#colour=Mrshmllw Whte/mango Orng,https://images.selfridges.com/is/image/selfridges/R04462552_MRSHMLLWWHTEMANGOORNG_M?wid=476&hei=634&fmt=webp&qlt=80,Women's Clothing Test,Selfridges,In Stock,2025-09-25T21:46:09.117380,2025-09-25T21:46:09.117382,1
R04481336,DayFlex Active Stretch-Woven Mini Dress,WE ARE TALA,31.0,62.0,50.0,31.0,https://www.selfridges.com/GB/en/product/we-are-tala-dayflex-active-stretch-woven-mini-dress_R04481336/,https://images.selfridges.com/is/image/selfridges/R04481336_VINTAGERED_M?wid=476&hei=634&fmt=webp&qlt=80,Women's Clothing Test,Selfridges,In Stock,2025-09-25T21:46:09.117964,2025-09-25T21:46:09.117965,1
R04481339,DayFlex Logo-Waistband Leggings,WE ARE TALA,31.0,62.0,50.0,31.0,https://www.selfridges.com/GB/en/product/we-are-tala-dayflex-logo-waistband-leggings_R04481339/,https://images.selfridges.com/is/image/selfridges/R04481339_MIDNIGHTNAVY_M?wid=476&hei=634&fmt=webp&qlt=80,Women's Clothing Test,Selfridges,In Stock,2025-09-25T21:46:09.118548,2025-09-25T21:46:09.118549,1
R04481340,DayFlex Logo-Waistband Leggings,WE ARE TALA,31.0,62.0,50.0,31.0,https://www.selfridges.com/GB/en/product/we-are-tala-dayflex-logo-waistband-leggings_R04481340/#colour=VINTAGE RED,https://images.selfridges.com/is/image/selfridges/R04481340_VINTAGERED_M?wid=476&hei=634&fmt=webp&qlt=80,Women's Clothing Test,Selfridges,In Stock,2025-09-25T21:46:09.119137,2025-09-25T21:46:09.119139,1
R04449725,Poppy Check-Print Shirred Cotton Mini Dress,AMY LYNN,32.5,65.0,50.0,32.5,https://www.selfridges.com/GB/en/product/amy-lynn-poppy-check-print-shirred-cotton-mini-dress_R04449725/#colour=GREEN,https://images.selfridges.com/is/image/selfridges/R04449725_GREEN_M?wid=476&hei=634&fmt=webp&qlt=80,Women's Clothing Test,Selfridges,In Stock,2025-09-25T21:46:09.119767,2025-09-25T21:46:09.119768,1
R04492001,Rosella Broderie Floral Appliqué Cotton Top,AMY LYNN,34.5,69.0,50.0,34.5,https://www.selfridges.com/GB/en/product/amy-lynn-rosella-broderie-floral-applique-cotton-top_R04492001/#colour=WHITE,https://images.selfridges.com/is/image/selfridges/R04492001_WHITE_M?wid=476&hei=634&fmt=webp&qlt=80,Women's Clothing Test,Selfridges,In Stock,2025-09-25T21:46:09.120412,2025-09-25T21:46:09.120413,1
R04492004,Textured Split-Hem Woven Maxi Skirt,AMY LYNN,36.0,72.0,50.0,36.0,https://www.selfridges.com/GB/en/product/amy-lynn-textured-split-hem-woven-maxi-skirt_R04492004/#colour=IVORY,https://images.selfridges.com/is/image/selfridges/R04492004_IVORY_M?wid=476&hei=634&fmt=webp&qlt=80,Women's Clothing Test,Selfridges,In Stock,2025-09-25T21:46:09.121033,2025-09-25T21:46:09.121034,1
R04435371,Revive Longline Half-Zip Cotton-Blend Sweatshirt,SWEATY BETTY,37.5,75.0,50.0,37.5,https://www.selfridges.com/GB/en/product/sweaty-betty-revive-longline-half-zip-cotton-blend-sweatshirt_R04435371/,https://images.selfridges.com/is/image/selfridges/R04435371_LILYWHITE_M?wid=476&hei=634&fmt=webp&qlt=80,Women's Clothing Test,Selfridges,In Stock,2025-09-25T21:46:09.122000,2025-09-25T21:46:09.122004,1
R04333691,Linked Smudge tie-front woven top,WHISTLES,35.0,69.0,49.3,34.0,https://www.selfridges.com/GB/en/product/whistles-linked-smudge-tie-front-woven-top_R04333691/#colour=MULTI-COLOURED,https://images.selfridges.com/is/image/selfridges/R04333691_MULTICOLOURED_M?wid=476&hei=634&fmt=webp&qlt=80,Women's Clothing Test,Selfridges,In Stock,2025-09-25T21:46:09.122687,2025-09-25T21:46:09.122689,1
R04514384,After Class Crop Cotton and Modal-Blend Sweatshirt,SWEATY BETTY,24.0,45.0,46.7,21.0,https://www.selfridges.com/GB/en/product/sweaty-betty-after-class-crop-cotton-and-modal-blend-sweatshirt_R04514384/#colour=Lollipop Pink,https://images.selfridges.com/is/image/selfridges/R04514496_LOLLIPOPPINK_M?dpr=on%2C2,Women's Clothing Test,Selfridges,In Stock,2025-09-25T21:46:09.123318,2025-09-25T21:46:09.123320,1
R04391746,Straight-neck slim-fit stretch-jersey top,WHISTLES,35.0,65.0,46.2,30.0,https://www.selfridges.com/GB/en/product/whistles-straight-neck-slim-fit-stretch-jersey-top_R04391746/#colour=RED,https://images.selfridges.com/is/image/selfridges/R04391746_RED_M?wid=476&hei=634&fmt=webp&qlt=80,Women's Clothing Test,Selfridges,In Stock,2025-09-25T21:46:09.123959,2025-09-25T21:46:09.123960,1
R04435362,After Class Longline Striped Cotton-Blend Jumper,SWEATY BETTY,27.0,50.0,46.0,23.0,https://www.selfridges.com/GB/en/product/sweaty-betty-after-class-longline-striped-cotton-blend-jumper_R04435362/#colour=Navy Blue Stripe,https://images.selfridges.com/is/image/selfridges/R04435362_NAVYBLUESTRIPE_M?wid=476&hei=634&fmt=webp&qlt=80,Women's Clothing Test,Selfridges,In Stock,2025-09-25T21:46:09.124676,2025-09-25T21:46:09.124678,1
R04478289,Kate Chevron-Stripe Underwired Bikini Top,REISS,38.0,70.0,45.7,32.0,https://www.selfridges.com/GB/en/product/reiss-kate-chevron-stripe-underwired-bikini-top_R04478289/#colour=BLACK BROWN,https://images.selfridges.com/is/image/selfridges/R04478289_BLACKBROWN_M?wid=476&hei=634&fmt=webp&qlt=80,Women's Clothing Test,Selfridges,In Stock,2025-09-25T21:46:09.125283,2025-09-25T21:46:09.125284,1
R04435388,Soft Flow Studio Wrap-Back Stretch-Jersey T-Shirt,SWEATY BETTY,33.5,60.0,44.2,26.5,https://www.selfridges.com/GB/en/product/sweaty-betty-soft-flow-studio-wrap-back-stretch-jersey-t-shirt_R04435388/#colour=WILLOW GREEN,https://images.selfridges.com/is/image/selfridges/R04435388_WILLOWGREEN_M?wid=476&hei=634&fmt=webp&qlt=80,Women's Clothing Test,Selfridges,In Stock,2025-09-25T21:46:09.125921,2025-09-25T21:46:09.125922,1
R04477827,V-Neck Sleeveless Jersey Bodysuit,REISS,38.0,68.0,44.1,30.0,https://www.selfridges.com/GB/en/product/reiss-v-neck-sleeveless-jersey-bodysuit_R04477827/#colour=BLACK,https://images.selfridges.com/is/image/selfridges/R04490688_MIDBLUE_M?dpr=on%2C2,Women's Clothing Test,Selfridges,In Stock,2025-09-25T21:46:09.126579,2025-09-25T21:46:09.127200,1
R04434078,Dee Ribbed Bikini Bottoms,REISS,28.0,50.0,44.0,22.0,https://www.selfridges.com/GB/en/product/reiss-dee-ribbed-bikini-bottoms_R04434078/#colour=BLACK,https://images.selfridges.com/is/image/selfridges/R04434078_BLACK_M?wid=476&hei=634&fmt=webp&qlt=80,Women's Clothing Test,Selfridges,In Stock,2025-09-25T21:46:09.129337,2025-09-25T21:46:09.129339,1
R04435249,Core Triangle Bikini Top,SWEATY BETTY,28.0,50.0,44.0,22.0,https://www.selfridges.com/GB/en/product/sweaty-betty-core-triangle-bikini-top_R04435249/,https://images.selfridges.com/is/image/selfridges/R04435249_BLACK_M?wid=476&hei=634&fmt=webp&qlt=80,Women's Clothing Test,Selfridges,In Stock,2025-09-25T21:46:09.129972,2025-09-25T21:46:09.129974,1
R04478287,Bridgette Striped Bikini Top,REISS,28.0,50.0,44.0,22.0,https://www.selfridges.com/GB/en/product/reiss-bridgette-striped-bikini-top_R04478287/#colour=NAVY BROWN,https://images.selfridges.com/is/image/selfridges/R04478287_NAVYBROWN_M?wid=476&hei=634&fmt=webp&qlt=80,Women's Clothing Test,Selfridges,In Stock,2025-09-25T21:46:09.130616,2025-09-25T21:46:09.130617,1
R04478290,Kate Chevron-Stripe Mid-Rise Bikini Bottoms,REISS,28.0,50.0,44.0,22.0,https://www.selfridges.com/GB/en/product/reiss-kate-chevron-stripe-mid-rise-bikini-bottoms_R04478290/#colour=BLACK BROWN,https://images.selfridges.com/is/image/selfridges/R04478290_BLACKBROWN_M?wid=476&hei=634&fmt=webp&qlt=80,Women's Clothing Test,Selfridges,In Stock,2025-09-25T21:46:09.131243,2025-09-25T21:46:09.131244,1
R04478298,Effie Twist-Strap Triangle Stretch-Woven Bikini Top,REISS,28.0,50.0,44.0,22.0,https://www.selfridges.com/GB/en/product/reiss-effie-twist-strap-triangle-stretch-woven-bikini-top_R04478298/,https://images.selfridges.com/is/image/selfridges/R04490688_MIDBLUE_M?dpr=on%2C2,Women's Clothing Test,Selfridges,In Stock,2025-09-25T21:46:09.132048,2025-09-25T21:46:09.132050,1
R04478304,Wynee Textured Wave Bikini Top,REISS,28.0,50.0,44.0,22.0,https://www.selfridges.com/GB/en/product/reiss-wynee-textured-wave-bikini-top_R04478304/#colour=Blue,https://images.selfridges.com/is/image/selfridges/R04478304_BLUE_M?wid=476&hei=634&fmt=webp&qlt=80,Women's Clothing Test,Selfridges,In Stock,2025-09-25T21:46:09.132665,2025-09-25T21:46:09.132667,1
R04252187,Riah side-tie low-rise stretch-woven bikini bottoms,REISS,28.0,50.0,44.0,22.0,https://www.selfridges.com/GB/en/product/reiss-riah-side-tie-low-rise-stretch-woven-bikini-bottoms_R04252187/,https://images.selfridges.com/is/image/selfridges/R04490688_MIDBLUE_M?dpr=on%2C2,Women's Clothing Test,Selfridges,In Stock,2025-09-25T21:46:09.133269,2025-09-25T21:46:09.133270,1
R04331933,Plisse round-neck sleeveless stretch-woven top,WHISTLES,39.0,69.0,43.5,30.0,https://www.selfridges.com/GB/en/product/whistles-plisse-round-neck-sleeveless-stretch-woven-top_R04331933/#colour=BLACK,https://images.selfridges.com/is/image/selfridges/R04331933_BLACK_M?wid=476&hei=634&fmt=webp&qlt=80,Women's Clothing Test,Selfridges,In Stock,2025-09-25T21:46:09.133886,2025-09-25T21:46:09.133887,1
R04397620,Round-neck long-sleeve woven top,WHISTLES,39.0,69.0,43.5,30.0,https://www.selfridges.com/GB/en/product/whistles-round-neck-long-sleeve-woven-top_R04397620/#colour=GREY,https://images.selfridges.com/is/image/selfridges/R04397620_GREY_M?wid=476&hei=634&fmt=webp&qlt=80,Women's Clothing Test,Selfridges,In Stock,2025-09-25T21:46:09.134495,2025-09-25T21:46:09.134496,1
R04435401,Soft Flow Studio Stretch-Woven T-Shirt,SWEATY BETTY,31.5,55.0,42.7,23.5,https://www.selfridges.com/GB/en/product/sweaty-betty-soft-flow-studio-stretch-woven-t-shirt_R04435401/#colour=Allium Pink,https://images.selfridges.com/is/image/selfridges/R04435401_ALLIUMPINK_M?wid=476&hei=634&fmt=webp&qlt=80,Women's Clothing Test,Selfridges,In Stock,2025-09-25T21:46:09.135102,2025-09-25T21:46:09.135103,1
R04401057,Power medium-impact stretch-woven sports bra,SWEATY BETTY,26.0,45.0,42.2,19.0,https://www.selfridges.com/GB/en/product/sweaty-betty-power-medium-impact-stretch-woven-sports-bra_R04401057/#colour=Black Luxe Leopard,https://images.selfridges.com/is/image/selfridges/R04401057_BLACKLUXELEOPARD_M?wid=476&hei=634&fmt=webp&qlt=80,Women's Clothing Test,Selfridges,In Stock,2025-09-25T21:46:09.135791,2025-09-25T21:46:09.135792,1
R04435413,Power Medium Impact Bra Stretch-Woven Vest Top,SWEATY BETTY,29.0,50.0,42.0,21.0,https://www.selfridges.com/GB/en/product/sweaty-betty-power-medium-impact-bra-stretch-woven-vest-top_R04435413/,https://images.selfridges.com/is/image/selfridges/R04435413_BLACK_M?wid=476&hei=634&fmt=webp&qlt=80,Women's Clothing Test,Selfridges,In Stock,2025-09-25T21:46:09.136406,2025-09-25T21:46:09.136407,1
R04252188,Riah side-tie low-rise stretch-woven bikini top,REISS,28.0,48.0,41.7,20.0,https://www.selfridges.com/GB/en/product/reiss-riah-side-tie-low-rise-stretch-woven-bikini-top_R04252188/,https://images.selfridges.com/is/image/selfridges/R04490688_MIDBLUE_M?dpr=on%2C2,Women's Clothing Test,Selfridges,In Stock,2025-09-25T21:46:09.137021,2025-09-25T21:46:09.137022,1
R04478288,Bridgette Striped Bikini Bottoms,REISS,28.0,48.0,41.7,20.0,https://www.selfridges.com/GB/en/product/reiss-bridgette-striped-bikini-bottoms_R04478288/#colour=NAVY BROWN,https://images.selfridges.com/is/image/selfridges/R04478288_NAVYBROWN_M?wid=476&hei=634&fmt=webp&qlt=80,Women's Clothing Test,Selfridges,In Stock,2025-09-25T21:46:09.137638,2025-09-25T21:46:09.137639,1
R04478299,Effie Side-Tie High-Leg Stretch-Woven Bikini Bottoms,REISS,28.0,48.0,41.7,20.0,https://www.selfridges.com/GB/en/product/reiss-effie-side-tie-high-leg-stretch-woven-bikini-bottoms_R04478299/,https://images.selfridges.com/is/image/selfridges/R04490688_MIDBLUE_M?dpr=on%2C2,Women's Clothing Test,Selfridges,In Stock,2025-09-25T21:46:09.138264,2025-09-25T21:46:09.138265,1
R04309098,V-neck ribbed stretch-knit top,WHISTLES,29.0,49.0,40.8,20.0,https://www.selfridges.com/GB/en/product/whistles-v-neck-ribbed-stretch-knit-top_R04309098/#colour=GREY,https://images.selfridges.com/is/image/selfridges/R04309098_GREY_M?wid=476&hei=634&fmt=webp&qlt=80,Women's Clothing Test,Selfridges,In Stock,2025-09-25T21:46:09.138895,2025-09-25T21:46:09.138896,1
R04391742,Cowl-neck regular-fit stretch-velvet cami top,WHISTLES,29.0,49.0,40.8,20.0,https://www.selfridges.com/GB/en/product/whistles-cowl-neck-regular-fit-stretch-velvet-cami-top_R04391742/#colour=BLACK,https://images.selfridges.com/is/image/selfridges/R04391742_BLACK_M?wid=476&hei=634&fmt=webp&qlt=80,Women's Clothing Test,Selfridges,In Stock,2025-09-25T21:46:09.139524,2025-09-25T21:46:09.139525,1
R04442753,Stripe-Pattern Patch-Pocket Cotton Top,WHISTLES,29.0,49.0,40.8,20.0,https://www.selfridges.com/GB/en/product/whistles-stripe-pattern-patch-pocket-cotton-top_R04442753/#colour=YELLOW,https://images.selfridges.com/is/image/selfridges/R04442753_YELLOW_M?wid=476&hei=634&fmt=webp&qlt=80,Women's Clothing Test,Selfridges,In Stock,2025-09-25T21:46:09.140148,2025-09-25T21:46:09.140150,1
R04252680,Ribbed jersey top,WHISTLES,35.0,59.0,40.7,24.0,https://www.selfridges.com/GB/en/product/whistles-ribbed-jersey-top_R04252680/#colour=BLACK,https://images.selfridges.com/is/image/selfridges/R04252680_BLACK_M?wid=476&hei=634&fmt=webp&qlt=80,Women's Clothing Test,Selfridges,In Stock,2025-09-25T21:46:09.140752,2025-09-25T21:46:09.140753,1
R04258342,Essential ribbed jersey top,WHISTLES,35.0,59.0,40.7,24.0,https://www.selfridges.com/GB/en/product/whistles-essential-ribbed-jersey-top_R04258342/,https://images.selfridges.com/is/image/selfridges/R04258342_M?wid=476&hei=634&fmt=webp&qlt=80,Women's Clothing Test,Selfridges,In Stock,2025-09-25T21:46:09.141360,2025-09-25T21:46:09.141361,1
R04373649,Essential slim-fit long-sleeve ribbed stretch-woven top,WHISTLES,35.0,59.0,40.7,24.0,https://www.selfridges.com/GB/en/product/whistles-essential-slim-fit-long-sleeve-ribbed-stretch-woven-top_R04373649/#colour=CREAM,https://images.selfridges.com/is/image/selfridges/R04373649_CREAM_M?wid=476&hei=634&fmt=webp&qlt=80,Women's Clothing Test,Selfridges,In Stock,2025-09-25T21:46:09.141979,2025-09-25T21:46:09.141980,1
R04449723,Bowie Heart-Shape Cut-Out Stretch-Woven Top,AMY LYNN,29.25,49.0,40.3,19.75,https://www.selfridges.com/GB/en/product/amy-lynn-bowie-heart-shape-cut-out-stretch-woven-top_R04449723/#colour=RED,https://images.selfridges.com/is/image/selfridges/R04449723_RED_M?wid=476&hei=634&fmt=webp&qlt=80,Women's Clothing Test,Selfridges,In Stock,2025-09-25T21:46:09.142631,2025-09-25T21:46:09.142632,1
R04435250,Core Classic Bikini Briefs,SWEATY BETTY,21.0,35.0,40.0,14.0,https://www.selfridges.com/GB/en/product/sweaty-betty-core-classic-bikini-briefs_R04435250/#colour=BLACK,https://images.selfridges.com/is/image/selfridges/R04435250_BLACK_M?wid=476&hei=634&fmt=webp&qlt=80,Women's Clothing Test,Selfridges,In Stock,2025-09-25T21:46:09.143280,2025-09-25T21:46:09.143281,1
R04499734,Sonya Shirred Woven Top,AMY LYNN,23.4,39.0,40.0,15.6,https://www.selfridges.com/GB/en/product/amy-lynn-sonya-shirred-woven-top_R04499734/#colour=PINK,https://images.selfridges.com/is/image/selfridges/R04499734_PINK_M?wid=476&hei=634&fmt=webp&qlt=80,Women's Clothing Test,Selfridges,In Stock,2025-09-25T21:46:09.143913,2025-09-25T21:46:09.143914,1
R04435337,Power Medium Support Sports Bra,SWEATY BETTY,27.0,45.0,40.0,18.0,https://www.selfridges.com/GB/en/product/sweaty-betty-power-medium-support-sports-bra_R04435337/#colour=Blue Meadow Print,https://images.selfridges.com/is/image/selfridges/R04435337_BLUEMEADOWPRINT_M?wid=476&hei=634&fmt=webp&qlt=80,Women's Clothing Test,Selfridges,In Stock,2025-09-25T21:46:09.144542,2025-09-25T21:46:09.144544,1
R04433139,Claudia Puffball Stretch-Woven Mini Skirt,AMY LYNN,33.0,55.0,40.0,22.0,https://www.selfridges.com/GB/en/product/amy-lynn-claudia-puffball-stretch-woven-mini-skirt_R04433139/#colour=RED,https://images.selfridges.com/is/image/selfridges/R04433139_RED_M?wid=476&hei=634&fmt=webp&qlt=80,Women's Clothing Test,Selfridges,In Stock,2025-09-25T21:46:09.145186,2025-09-25T21:46:09.145187,1
R04433140,Roxy Glitter-Embellishment High-Rise Woven Shorts,AMY LYNN,33.0,55.0,40.0,22.0,https://www.selfridges.com/GB/en/product/amy-lynn-roxy-glitter-embellishment-high-rise-woven-shorts_R04433140/#colour=Blue,https://images.selfridges.com/is/image/selfridges/R04433140_BLUE_M?wid=476&hei=634&fmt=webp&qlt=80,Women's Clothing Test,Selfridges,In Stock,2025-09-25T21:46:09.145828,2025-09-25T21:46:09.145829,1
R04403510,YStripe-Print Boxy-Fit Cotton-Jersey T-Shirt,THE WHITE COMPAN,35.4,59.0,40.0,23.6,https://www.selfridges.com/GB/en/product/the-white-company-stripe-print-boxy-fit-cotton-jersey-t-shirt_R04403510/#colour=Ice Blue,https://images.selfridges.com/is/image/selfridges/R04463974_INDIGO_M?dpr=on%2C2,Women's Clothing Test,Selfridges,In Stock,2025-09-25T21:46:09.146481,2025-09-25T21:46:09.146487,1
R04435376,Power 6 Graphic-Print Stretch-Jersey Biker Shorts,SWEATY BETTY,36.0,60.0,40.0,24.0,https://www.selfridges.com/GB/en/product/sweaty-betty-power-6-graphic-print-stretch-jersey-biker-shorts_R04435376/#colour=Purple Meadow Print,https://images.selfridges.com/is/image/selfridges/R04435376_PURPLEMEADOWPRINT_M?wid=476&hei=634&fmt=webp&qlt=80,Women's Clothing Test,Selfridges,In Stock,2025-09-25T21:46:09.147138,2025-09-25T21:46:09.147142,1
R04144337,Faith contrast-stripe triangle bikini top,REISS,28.0,45.0,37.8,17.0,https://www.selfridges.com/GB/en/product/reiss-faith-contrast-stripe-triangle-bikini-top_R04144337/#colour=BLACK,https://images.selfridges.com/is/image/selfridges/R04144337_BLACK_M?wid=476&hei=634&fmt=webp&qlt=80,Women's Clothing Test,Selfridges,In Stock,2025-09-25T21:46:09.147792,2025-09-25T21:46:09.147793,1
R04435307,Soft Flow Studio Stretch-Woven Tank Top,SWEATY BETTY,28.5,45.0,36.7,16.5,https://www.selfridges.com/GB/en/product/sweaty-betty-soft-flow-studio-stretch-woven-tank-top_R04435307/,https://images.selfridges.com/is/image/selfridges/R04435307_TREKGREEN_M?wid=476&hei=634&fmt=webp&qlt=80,Women's Clothing Test,Selfridges,In Stock,2025-09-25T21:46:09.148452,2025-09-25T21:46:09.148453,1
R04514386,After Class Longline Cotton-Blend Sweatshirt,SWEATY BETTY,32.5,50.0,35.0,17.5,https://www.selfridges.com/GB/en/product/sweaty-betty-after-class-longline-cotton-blend-sweatshirt_R04514386/#colour=Lollipop Pink,https://images.selfridges.com/is/image/selfridges/R04514496_LOLLIPOPPINK_M?dpr=on%2C2,Women's Clothing Test,Selfridges,In Stock,2025-09-25T21:46:09.149160,2025-09-25T21:46:09.149161,1
R04435325,Athlete Seamless Gym Long-Sleeve Stretch-Woven Top,SWEATY BETTY,36.0,55.0,34.5,19.0,https://www.selfridges.com/GB/en/product/sweaty-betty-athlete-seamless-gym-long-sleeve-stretch-woven-top_R04435325/#colour=AlmPnk NeriPink Marl,https://images.selfridges.com/is/image/selfridges/R04435325_ALMPNKNERIPINKMARL_M?wid=476&hei=634&fmt=webp&qlt=80,Women's Clothing Test,Selfridges,In Stock,2025-09-25T21:46:09.149839,2025-09-25T21:46:09.149840,1
R04428849,Mara Cap-Sleeved Linen T-Shirt,REISS,38.0,58.0,34.5,20.0,https://www.selfridges.com/GB/en/product/reiss-mara-cap-sleeved-linen-t-shirt_R04428849/#colour=NAVY,https://images.selfridges.com/is/image/selfridges/R04490688_MIDBLUE_M?dpr=on%2C2,Women's Clothing Test,Selfridges,In Stock,2025-09-25T21:46:09.150512,2025-09-25T21:46:09.151192,1
R04478295,Hallie Tie-Waist High-Rise Stretch-Woven Bikini Bottoms,REISS,38.0,58.0,34.5,20.0,https://www.selfridges.com/GB/en/product/reiss-hallie-tie-waist-high-rise-stretch-woven-bikini-bottoms_R04478295/#colour=BROWN,https://images.selfridges.com/is/image/selfridges/R04478295_BROWN_M?wid=476&hei=634&fmt=webp&qlt=80,Women's Clothing Test,Selfridges,In Stock,2025-09-25T21:46:09.153638,2025-09-25T21:46:09.153639,1
R04435336,Power Pulse Crossover-Strap Stretch-Woven Bra,SWEATY BETTY,29.5,45.0,34.4,15.5,https://www.selfridges.com/GB/en/product/sweaty-betty-power-pulse-crossover-strap-stretch-woven-bra_R04435336/#colour=Allium Pink,https://images.selfridges.com/is/image/selfridges/R04435336_ALLIUMPINK_M?wid=476&hei=634&fmt=webp&qlt=80,Women's Clothing Test,Selfridges,In Stock,2025-09-25T21:46:09.154311,2025-09-25T21:46:09.154312,1
R04191513,Broderie puff-sleeve relaxed-fit stretch-cotton top,WHISTLES,39.0,59.0,33.9,20.0,https://www.selfridges.com/GB/en/product/whistles-broderie-puff-sleeve-relaxed-fit-stretch-cotton-top_R04191513/#colour=CREAM,https://images.selfridges.com/is/image/selfridges/R04191513_CREAM_M?wid=476&hei=634&fmt=webp&qlt=80,Women's Clothing Test,Selfridges,In Stock,2025-09-25T21:46:09.154978,2025-09-25T21:46:09.154979,1
R04382324,Round-neck sequin-embellished stretch-woven top,RO&ZO,39.0,59.0,33.9,20.0,https://www.selfridges.com/GB/en/product/rozo-round-neck-sequin-embellished-stretch-woven-top_R04382324/#colour=BLACK,https://images.selfridges.com/is/image/selfridges/R04382324_BLACK_M?wid=476&hei=634&fmt=webp&qlt=80,Women's Clothing Test,Selfridges,In Stock,2025-09-25T21:46:09.155633,2025-09-25T21:46:09.155634,1
R04435316,Soft Ribbed Racerback Stretch-Woven Bra,SWEATY BETTY,27.0,40.0,32.5,13.0,https://www.selfridges.com/GB/en/product/sweaty-betty-soft-ribbed-racerback-stretch-woven-bra_R04435316/#colour=LILY WHITE,https://images.selfridges.com/is/image/selfridges/R04435316_LILYWHITE_M?wid=476&hei=634&fmt=webp&qlt=80,Women's Clothing Test,Selfridges,In Stock,2025-09-25T21:46:09.156294,2025-09-25T21:46:09.156295,1
R04435355,After Class Crop Cotton and Modal-Blend Sweatshirt,SWEATY BETTY,31.0,45.0,31.1,14.0,https://www.selfridges.com/GB/en/product/sweaty-betty-after-class-crop-cotton-and-modal-blend-sweatshirt_R04435355/#colour=LIGHT GREY MARL,https://images.selfridges.com/is/image/selfridges/R04435355_LIGHTGREYMARL_M?wid=476&hei=634&fmt=webp&qlt=80,Women's Clothing Test,Selfridges,In Stock,2025-09-25T21:46:09.156963,2025-09-25T21:46:09.156964,1
R04435310,Zero Gravity Race Fit Stretch-Woven Vest Top,SWEATY BETTY,38.0,55.0,30.9,17.0,https://www.selfridges.com/GB/en/product/sweaty-betty-zero-gravity-race-fit-stretch-woven-vest-top_R04435310/#colour=Ripple Blue,https://images.selfridges.com/is/image/selfridges/R04435310_RIPPLEBLUE_M?wid=476&hei=634&fmt=webp&qlt=80,Women's Clothing Test,Selfridges,In Stock,2025-09-25T21:46:09.157624,2025-09-25T21:46:09.157625,1
R03761832,YPatch pocket button-fastened terry-cotton wrapped towel large/extra large 140cm x 80cm,THE WHITE COMPAN,25.2,36.0,30.0,10.8,https://www.selfridges.com/GB/en/product/the-white-company-patch-pocket-button-fastened-terry-cotton-wrapped-towel-largeextra-large-140cm-x-80cm_R03761832/#colour=WHITE,https://images.selfridges.com/is/image/selfridges/R03761832_WHITE_M?wid=476&hei=634&fmt=webp&qlt=80,Women's Clothing Test,Selfridges,In Stock,2025-09-25T21:46:09.158320,2025-09-25T21:46:09.158321,1
R04415711,Charm-embellished stretch wool and cashmere-blend knee-high socks,MAJE,34.3,49.0,30.0,14.7,https://www.selfridges.com/GB/en/product/maje-charm-embellished-stretch-wool-and-cashmere-blend-knee-high-socks_R04415711/#colour=NOIR / GRIS,https://images.selfridges.com/is/image/selfridges/R04415711_NOIRGRIS_M?wid=476&hei=634&fmt=webp&qlt=80,Women's Clothing Test,Selfridges,In Stock,2025-09-25T21:46:09.158999,2025-09-25T21:46:09.159000,1
R04412278,Logo-Embroidered Ribbed Cotton-Blend Socks,SANDRO,27.3,39.0,30.0,11.7,https://www.selfridges.com/GB/en/product/sandro-logo-embroidered-ribbed-cotton-blend-socks_R04412278/#colour=BLEUS,https://images.selfridges.com/is/image/selfridges/R04463283_VANILLA_M?dpr=on%2C2,Women's Clothing Test,Selfridges,In Stock,2025-09-25T21:46:09.159680,2025-09-25T21:46:09.162744,1
R04417328,Embroidered Logo-Patch Ribbed Stretch-Cotton Socks,SANDRO,27.3,39.0,30.0,11.7,https://www.selfridges.com/GB/en/product/sandro-embroidered-logo-patch-ribbed-stretch-cotton-socks_R04417328/#colour=BLEUS,https://images.selfridges.com/is/image/selfridges/R04417328_BLEUS_M?wid=476&hei=634&fmt=webp&qlt=80,Women's Clothing Test,Selfridges,In Stock,2025-09-25T21:46:09.165072,2025-09-25T21:46:09.165073,1
R04482468,Relaxed-Fit Semi-Sheer Chiffon Shorts,AMY LYNN,27.3,39.0,30.0,11.7,https://www.selfridges.com/GB/en/product/amy-lynn-relaxed-fit-semi-sheer-chiffon-shorts_R04482468/#colour=PINK,https://images.selfridges.com/is/image/selfridges/R04482468_PINK_M?wid=476&hei=634&fmt=webp&qlt=80,Women's Clothing Test,Selfridges,In Stock,2025-09-25T21:46:09.165760,2025-09-25T21:46:09.165761,1
R04407906,Isabella Scoop-Neck Stretch-Cotton Vest Top,REISS,28.0,40.0,30.0,12.0,https://www.selfridges.com/GB/en/product/reiss-isabella-scoop-neck-stretch-cotton-vest-top_R04407906/#colour=BLACK,https://images.selfridges.com/is/image/selfridges/R04490688_MIDBLUE_M?dpr=on%2C2,Women's Clothing Test,Selfridges,In Stock,2025-09-25T21:46:09.166462,2025-09-25T21:46:09.169531,1
R04447628,Tess Ribbed Ruched Stretch-Cotton T-Shirt,REISS,28.0,40.0,30.0,12.0,https://www.selfridges.com/GB/en/product/reiss-tess-ribbed-ruched-stretch-cotton-t-shirt_R04447628/,https://images.selfridges.com/is/image/selfridges/R04490688_MIDBLUE_M?dpr=on%2C2,Women's Clothing Test,Selfridges,In Stock,2025-09-25T21:46:09.171881,2025-09-25T21:46:09.171882,1
R04477803,Jody Asymmetric-Neck Stretch-Cotton Top,REISS,28.0,40.0,30.0,12.0,https://www.selfridges.com/GB/en/product/reiss-jody-asymmetric-neck-stretch-cotton-top_R04477803/,https://images.selfridges.com/is/image/selfridges/R04490688_MIDBLUE_M?dpr=on%2C2,Women's Clothing Test,Selfridges,In Stock,2025-09-25T21:46:09.172591,2025-09-25T21:46:09.172592,1
R04478305,Wynee Textured Tie-Side Bikini Bottoms,REISS,28.0,40.0,30.0,12.0,https://www.selfridges.com/GB/en/product/reiss-wynee-textured-tie-side-bikini-bottoms_R04478305/#colour=Blue,https://images.selfridges.com/is/image/selfridges/R04478305_BLUE_M?wid=476&hei=634&fmt=webp&qlt=80,Women's Clothing Test,Selfridges,In Stock,2025-09-25T21:46:09.173292,2025-09-25T21:46:09.173293,1
R04485982,Becca Contrast-Trim Stretch-Cotton Vest,REISS,28.0,40.0,30.0,12.0,https://www.selfridges.com/GB/en/product/reiss-becca-contrast-trim-stretch-cotton-vest_R04485982/,https://images.selfridges.com/is/image/selfridges/R04490688_MIDBLUE_M?dpr=on%2C2,Women's Clothing Test,Selfridges,In Stock,2025-09-25T21:46:09.173991,2025-09-25T21:46:09.173992,1
R04435358,After Class Cross-Back Cotton-Jersey Sweatshirt,SWEATY BETTY,35.0,50.0,30.0,15.0,https://www.selfridges.com/GB/en/product/sweaty-betty-after-class-cross-back-cotton-jersey-sweatshirt_R04435358/#colour=Breeze Blue,https://images.selfridges.com/is/image/selfridges/R04435358_BREEZEBLUE_M?wid=476&hei=634&fmt=webp&qlt=80,Women's Clothing Test,Selfridges,In Stock,2025-09-25T21:46:09.174878,2025-09-25T21:46:09.174880,1
R04388657,YDouble-Layer Relaxed-Fit Cotton Top,THE WHITE COMPAN,38.5,55.0,30.0,16.5,https://www.selfridges.com/GB/en/product/the-white-company-double-layer-relaxed-fit-cotton-top_R04388657/#colour=Navy,https://images.selfridges.com/is/image/selfridges/R04463974_INDIGO_M?dpr=on%2C2,Women's Clothing Test,Selfridges,In Stock,2025-09-25T21:46:09.175672,2025-09-25T21:46:09.175673,1
R04435373,Get Set 2-in-1 Multi-Train Stretch-Woven Shorts,SWEATY BETTY,38.5,55.0,30.0,16.5,https://www.selfridges.com/GB/en/product/sweaty-betty-get-set-2-in-1-multi-train-stretch-woven-shorts_R04435373/,https://images.selfridges.com/is/image/selfridges/R04435373_GREYHYBRIDLEOPRINT_M?wid=476&hei=634&fmt=webp&qlt=80,Women's Clothing Test,Selfridges,In Stock,2025-09-25T21:46:09.176442,2025-09-25T21:46:09.176443,1
R04435385,Sand Wash CloudWeight Stretch-Jersey Shorts,SWEATY BETTY,38.5,55.0,30.0,16.5,https://www.selfridges.com/GB/en/product/sweaty-betty-sand-wash-cloudweight-stretch-jersey-shorts_R04435385/#colour=Buttercream Yellow,https://images.selfridges.com/is/image/selfridges/R04435385_BUTTERCREAMYELLOW_M?wid=476&hei=634&fmt=webp&qlt=80,Women's Clothing Test,Selfridges,In Stock,2025-09-25T21:46:09.177183,2025-09-25T21:46:09.177184,1
R04472347,Ziggy Pleated Cotton-Poplin Mini Skirt,AMY LYNN,38.5,55.0,30.0,16.5,https://www.selfridges.com/GB/en/product/amy-lynn-ziggy-pleated-cotton-poplin-mini-skirt_R04472347/#colour=WHITE,https://images.selfridges.com/is/image/selfridges/R04472347_WHITE_M?wid=476&hei=634&fmt=webp&qlt=80,Women's Clothing Test,Selfridges,In Stock,2025-09-25T21:46:09.177927,2025-09-25T21:46:09.177928,1
R04199556,Aubrie button-through V-neck cotton top,WHISTLES,39.0,55.0,29.1,16.0,https://www.selfridges.com/GB/en/product/whistles-aubrie-button-through-v-neck-cotton-top_R04199556/#colour=NAVY,https://images.selfridges.com/is/image/selfridges/R04199556_NAVY_M?wid=476&hei=634&fmt=webp&qlt=80,Women's Clothing Test,Selfridges,In Stock,2025-09-25T21:46:09.178674,2025-09-25T21:46:09.178675,1
R04348955,Patch-pocket relaxed-fit cotton and linen-blend T-shirt,WHISTLES,39.0,55.0,29.1,16.0,https://www.selfridges.com/GB/en/product/whistles-patch-pocket-relaxed-fit-cotton-and-linen-blend-t-shirt_R04348955/#colour=White,https://images.selfridges.com/is/image/selfridges/R04348955_WHITE_M?wid=476&hei=634&fmt=webp&qlt=80,Women's Clothing Test,Selfridges,In Stock,2025-09-25T21:46:09.179477,2025-09-25T21:46:09.179478,1
R04435314,Ultimate Studio Voop Sports Bra,SWEATY BETTY,32.0,45.0,28.9,13.0,https://www.selfridges.com/GB/en/product/sweaty-betty-ultimate-studio-voop-sports-bra_R04435314/,https://images.selfridges.com/is/image/selfridges/R04435314_SABLEBROWN_M?wid=476&hei=634&fmt=webp&qlt=80,Women's Clothing Test,Selfridges,In Stock,2025-09-25T21:46:09.180227,2025-09-25T21:46:09.180228,1
R04342701,Willa V-Neck Cap-Sleeve Cotton-Jersey T-Shirt,WHISTLES,25.0,35.0,28.6,10.0,https://www.selfridges.com/GB/en/product/whistles-willa-v-neck-cap-sleeve-cotton-jersey-t-shirt_R04342701/#colour=PALE GREEN,https://images.selfridges.com/is/image/selfridges/R04342701_PALEGREEN_M?wid=476&hei=634&fmt=webp&qlt=80,Women's Clothing Test,Selfridges,In Stock,2025-09-25T21:46:09.180982,2025-09-25T21:46:09.180983,1
R04135838,Rosa relaxed cotton-jersey T-shirt,WHISTLES,25.0,35.0,28.6,10.0,https://www.selfridges.com/GB/en/product/whistles-rosa-relaxed-cotton-jersey-t-shirt_R04135838/,https://images.selfridges.com/is/image/selfridges/R04530515_BLACK_M?dpr=on%2C2,Women's Clothing Test,Selfridges,In Stock,2025-09-25T21:46:09.181739,2025-09-25T21:46:09.181740,1
R04145318,Ribbed buttoned V-neck stretch-woven vest,WHISTLES,35.0,49.0,28.6,14.0,https://www.selfridges.com/GB/en/product/whistles-ribbed-buttoned-v-neck-stretch-woven-vest_R04145318/,https://images.selfridges.com/is/image/selfridges/R04145318_BLACK_M?wid=476&hei=634&fmt=webp&qlt=80,Women's Clothing Test,Selfridges,In Stock,2025-09-25T21:46:09.182487,2025-09-25T21:46:09.182488,1
R04301916,Stripe relaxed-fit cotton-blend T-shirt,WHISTLES,35.0,49.0,28.6,14.0,https://www.selfridges.com/GB/en/product/whistles-stripe-relaxed-fit-cotton-blend-t-shirt_R04301916/#colour=Blue,https://images.selfridges.com/is/image/selfridges/R04301916_BLUE_M?wid=476&hei=634&fmt=webp&qlt=80,Women's Clothing Test,Selfridges,In Stock,2025-09-25T21:46:09.183260,2025-09-25T21:46:09.183261,1
R04492015,Clarisee Sequin Woven Mini Skirt,AMY LYNN,36.25,49.0,26.0,12.75,https://www.selfridges.com/GB/en/product/amy-lynn-clarisee-sequin-woven-mini-skirt_R04492015/#colour=TAUPE,https://images.selfridges.com/is/image/selfridges/R04492015_TAUPE_M?wid=476&hei=634&fmt=webp&qlt=80,Women's Clothing Test,Selfridges,In Stock,2025-09-25T21:46:09.184039,2025-09-25T21:46:09.184040,1
R04140098,Frill-sleeved round-neck cotton-jersey T-shirt,WHISTLES,29.0,39.0,25.6,10.0,https://www.selfridges.com/GB/en/product/whistles-frill-sleeved-round-neck-cotton-jersey-t-shirt_R04140098/#colour=PALE PINK,https://images.selfridges.com/is/image/selfridges/R04140098_PALEPINK_M?wid=476&hei=634&fmt=webp&qlt=80,Women's Clothing Test,Selfridges,In Stock,2025-09-25T21:46:09.184798,2025-09-25T21:46:09.184799,1
R04365679,Emily Ultimate stripe-print short-sleeve cotton T-shirt,WHISTLES,29.0,39.0,25.6,10.0,https://www.selfridges.com/GB/en/product/whistles-emily-ultimate-stripe-print-short-sleeve-cotton-t-shirt_R04365679/#colour=MULTI-COLOURED,https://images.selfridges.com/is/image/selfridges/R04365679_MULTICOLOURED_M?wid=476&hei=634&fmt=webp&qlt=80,Women's Clothing Test,Selfridges,In Stock,2025-09-25T21:46:09.185616,2025-09-25T21:46:09.185617,1
R04433138,Sonya Shirred Stretch-Woven Top,AMY LYNN,29.25,39.0,25.0,9.75,https://www.selfridges.com/GB/en/product/amy-lynn-sonya-shirred-stretch-woven-top_R04433138/#colour=RED,https://images.selfridges.com/is/image/selfridges/R04433138_RED_M?wid=476&hei=634&fmt=webp&qlt=80,Women's Clothing Test,Selfridges,In Stock,2025-09-25T21:46:09.186417,2025-09-25T21:46:09.186418,1
R04492013,Kadia Corset Woven Top,AMY LYNN,29.25,39.0,25.0,9.75,https://www.selfridges.com/GB/en/product/amy-lynn-kadia-corset-woven-top_R04492013/#colour=Blue,https://images.selfridges.com/is/image/selfridges/R04492013_BLUE_M?wid=476&hei=634&fmt=webp&qlt=80,Women's Clothing Test,Selfridges,In Stock,2025-09-25T21:46:09.187191,2025-09-25T21:46:09.187192,1
R04492020,Sonya Shirred Cotton-Poplin Top,AMY LYNN,29.25,39.0,25.0,9.75,https://www.selfridges.com/GB/en/product/amy-lynn-sonya-shirred-cotton-poplin-top_R04492020/#colour=MULTI,https://images.selfridges.com/is/image/selfridges/R04492020_MULTI_M?wid=476&hei=634&fmt=webp&qlt=80,Women's Clothing Test,Selfridges,In Stock,2025-09-25T21:46:09.187972,2025-09-25T21:46:09.187973,1
R04492024,Danica Plaid Shirred Woven Shorts,AMY LYNN,29.25,39.0,25.0,9.75,https://www.selfridges.com/GB/en/product/amy-lynn-danica-plaid-shirred-woven-shorts_R04492024/#colour=GREEN,https://images.selfridges.com/is/image/selfridges/R04492024_GREEN_M?wid=476&hei=634&fmt=webp&qlt=80,Women's Clothing Test,Selfridges,In Stock,2025-09-25T21:46:09.188813,2025-09-25T21:46:09.188814,1
R04504620,Danica Gingham Cotton Shorts,AMY LYNN,29.25,39.0,25.0,9.75,https://www.selfridges.com/GB/en/product/amy-lynn-danica-gingham-cotton-shorts_R04504620/#colour=BLACK,https://images.selfridges.com/is/image/selfridges/R04504620_BLACK_M?wid=476&hei=634&fmt=webp&qlt=80,Women's Clothing Test,Selfridges,In Stock,2025-09-25T21:46:09.189603,2025-09-25T21:46:09.189604,1
R04507056,Heart Cut-Out Woven Top,AMY LYNN,29.25,39.0,25.0,9.75,https://www.selfridges.com/GB/en/product/amy-lynn-heart-cut-out-woven-top_R04507056/#colour=LEMON,https://images.selfridges.com/is/image/selfridges/R04507056_LEMON_M?wid=476&hei=634&fmt=webp&qlt=80,Women's Clothing Test,Selfridges,In Stock,2025-09-25T21:46:09.190383,2025-09-25T21:46:09.190384,1
R04449727,Shirred Check-Print Woven Top,AMY LYNN,29.25,39.0,25.0,9.75,https://www.selfridges.com/GB/en/product/amy-lynn-shirred-check-print-woven-top_R04449727/,https://images.selfridges.com/is/image/selfridges/R04449727_GREEN_M?wid=476&hei=634&fmt=webp&qlt=80,Women's Clothing Test,Selfridges,In Stock,2025-09-25T21:46:09.191165,2025-09-25T21:46:09.191166,1
R04472358,Shirred Lace Stretch-Woven Top,AMY LYNN,33.75,45.0,25.0,11.25,https://www.selfridges.com/GB/en/product/amy-lynn-shirred-lace-stretch-woven-top_R04472358/#colour=LEMON,https://images.selfridges.com/is/image/selfridges/R04472358_LEMON_M?wid=476&hei=634&fmt=webp&qlt=80,Women's Clothing Test,Selfridges,In Stock,2025-09-25T21:46:09.191957,2025-09-25T21:46:09.191958,1
R04492090,Eliza Shirred-Bodice Stretch-Lace Top,AMY LYNN,33.75,45.0,25.0,11.25,https://www.selfridges.com/GB/en/product/amy-lynn-eliza-shirred-bodice-stretch-lace-top_R04492090/#colour=BLACK,https://images.selfridges.com/is/image/selfridges/R04492090_BLACK_M?wid=476&hei=634&fmt=webp&qlt=80,Women's Clothing Test,Selfridges,In Stock,2025-09-25T21:46:09.192844,2025-09-25T21:46:09.192845,1
R04363888,Milena faux-leather cotton-blend mini skirt,AMY LYNN,36.75,49.0,25.0,12.25,https://www.selfridges.com/GB/en/product/amy-lynn-milena-faux-leather-cotton-blend-mini-skirt_R04363888/#colour=ICE LILAC,https://images.selfridges.com/is/image/selfridges/R04363888_ICELILAC_M?wid=476&hei=634&fmt=webp&qlt=80,Women's Clothing Test,Selfridges,In Stock,2025-09-25T21:46:09.193643,2025-09-25T21:46:09.193644,1
R04307408,Lisa Relaxed-Fit Short-Sleeve Cotton T-Shirt,ALLSAINTS,37.0,49.0,24.5,12.0,https://www.selfridges.com/GB/en/product/allsaints-lisa-relaxed-fit-short-sleeve-cotton-t-shirt_R04307408/#colour=WHITE,https://images.selfridges.com/is/image/selfridges/R04515137_BLACK_M?dpr=on%2C2,Women's Clothing Test,Selfridges,In Stock,2025-09-25T21:46:09.194441,2025-09-25T21:46:09.195241,1
R04512701,Gia Short-Sleeve Cotton T-Shirt,ALLSAINTS,37.0,49.0,24.5,12.0,https://www.selfridges.com/GB/en/product/allsaints-gia-short-sleeve-cotton-t-shirt_R04512701/#colour=Chalk White,https://images.selfridges.com/is/image/selfridges/R04515137_BLACK_M?dpr=on%2C2,Women's Clothing Test,Selfridges,In Stock,2025-09-25T21:46:09.198270,2025-09-25T21:46:09.198273,1
R04447080,Ellie Round-Neck Floral-Print Stretch-Mesh T-Shirt,ALLSAINTS,34.0,45.0,24.4,11.0,https://www.selfridges.com/GB/en/product/allsaints-ellie-round-neck-floral-print-stretch-mesh-t-shirt_R04447080/#colour=ARMADA DEEP YE,https://images.selfridges.com/is/image/selfridges/R04447080_ARMADADEEPYE_M?wid=476&hei=634&fmt=webp&qlt=80,Women's Clothing Test,Selfridges,In Stock,2025-09-25T21:46:09.199081,2025-09-25T21:46:09.199082,1
R04501788,Ellie Round-Neck Floral-Print Stretch-Mesh T-Shirt,ALLSAINTS,34.0,45.0,24.4,11.0,https://www.selfridges.com/GB/en/product/allsaints-ellie-round-neck-floral-print-stretch-mesh-t-shirt_R04501788/#colour=ARMADA BLACK,https://images.selfridges.com/is/image/selfridges/R04501788_ARMADABLACK_M?wid=476&hei=634&fmt=webp&qlt=80,Women's Clothing Test,Selfridges,In Stock,2025-09-25T21:46:09.199861,2025-09-25T21:46:09.199862,1
R04108109,Long-sleeve crew-neck cotton top,WHISTLES,35.0,46.0,23.9,11.0,https://www.selfridges.com/GB/en/product/whistles-long-sleeve-crew-neck-cotton-top_R04108109/#colour=WHITE,https://images.selfridges.com/is/image/selfridges/R04108109_WHITE_M?wid=476&hei=634&fmt=webp&qlt=80,Women's Clothing Test,Selfridges,In Stock,2025-09-25T21:46:09.200644,2025-09-25T21:46:09.200645,1
R04357673,Round-neck relaxed-fit short-sleeve cotton T-shirt,WHISTLES,35.0,45.0,22.2,10.0,https://www.selfridges.com/GB/en/product/whistles-round-neck-relaxed-fit-short-sleeve-cotton-t-shirt_R04357673/#colour=RED,https://images.selfridges.com/is/image/selfridges/R04357673_RED_M?wid=476&hei=634&fmt=webp&qlt=80,Women's Clothing Test,Selfridges,In Stock,2025-09-25T21:46:09.201420,2025-09-25T21:46:09.201421,1
R04435305,Athlete Workout Seamless Stretch-Jersey Tank Top,SWEATY BETTY,31.5,40.0,21.2,8.5,https://www.selfridges.com/GB/en/product/sweaty-betty-athlete-workout-seamless-stretch-jersey-tank-top_R04435305/#colour=BLACK,https://images.selfridges.com/is/image/selfridges/R04435305_BLACK_M?wid=476&hei=634&fmt=webp&qlt=80,Women's Clothing Test,Selfridges,In Stock,2025-09-25T21:46:09.202195,2025-09-25T21:46:09.202196,1
R04428850,Lyra Cowl-Neck Sleeveless Ribbed Stretch-Cotton Vest,REISS,38.0,48.0,20.8,10.0,https://www.selfridges.com/GB/en/product/reiss-lyra-cowl-neck-sleeveless-ribbed-stretch-cotton-vest_R04428850/,https://images.selfridges.com/is/image/selfridges/R04490688_MIDBLUE_M?dpr=on%2C2,Women's Clothing Test,Selfridges,In Stock,2025-09-25T21:46:09.202968,2025-09-25T21:46:09.202969,1
R04164049,Ember patch-pocket cotton and linen T-shirt,WHISTLES,39.0,49.0,20.4,10.0,https://www.selfridges.com/GB/en/product/whistles-ember-patch-pocket-cotton-and-linen-t-shirt_R04164049/#colour=GREEN,https://images.selfridges.com/is/image/selfridges/R04164049_GREEN_M?wid=476&hei=634&fmt=webp&qlt=80,Women's Clothing Test,Selfridges,In Stock,2025-09-25T21:46:09.203754,2025-09-25T21:46:09.203755,1
R04165061,Ember patch pocket linen and cotton T-shirt,WHISTLES,39.0,49.0,20.4,10.0,https://www.selfridges.com/GB/en/product/whistles-ember-patch-pocket-linen-and-cotton-t-shirt_R04165061/#colour=RED,https://images.selfridges.com/is/image/selfridges/R04165061_RED_M?wid=476&hei=634&fmt=webp&qlt=80,Women's Clothing Test,Selfridges,In Stock,2025-09-25T21:46:09.204541,2025-09-25T21:46:09.204542,1
R04186337,Stripe-pattern stretch-cotton top,WHISTLES,39.0,49.0,20.4,10.0,https://www.selfridges.com/GB/en/product/whistles-stripe-pattern-stretch-cotton-top_R04186337/#colour=CREAM,https://images.selfridges.com/is/image/selfridges/R04186337_CREAM_M?wid=476&hei=634&fmt=webp&qlt=80,Women's Clothing Test,Selfridges,In Stock,2025-09-25T21:46:09.205324,2025-09-25T21:46:09.205325,1
R04208553,Stripe-pattern short-sleeve cotton T-shirt,WHISTLES,39.0,49.0,20.4,10.0,https://www.selfridges.com/GB/en/product/whistles-stripe-pattern-short-sleeve-cotton-t-shirt_R04208553/#colour=MULTI-COLOURED,https://images.selfridges.com/is/image/selfridges/R04208553_MULTICOLOURED_M?wid=476&hei=634&fmt=webp&qlt=80,Women's Clothing Test,Selfridges,In Stock,2025-09-25T21:46:09.206301,2025-09-25T21:46:09.206302,1
R04213775,Relaxed fit striped cotton-jersey top,WHISTLES,39.0,49.0,20.4,10.0,https://www.selfridges.com/GB/en/product/whistles-relaxed-fit-striped-cotton-jersey-top_R04213775/#colour=MULTI-COLOURED,https://images.selfridges.com/is/image/selfridges/R04213775_MULTICOLOURED_M?wid=476&hei=634&fmt=webp&qlt=80,Women's Clothing Test,Selfridges,In Stock,2025-09-25T21:46:09.207151,2025-09-25T21:46:09.207152,1
R04274632,Striped long-sleeve cotton top,WHISTLES,39.0,49.0,20.4,10.0,https://www.selfridges.com/GB/en/product/whistles-striped-long-sleeve-cotton-top_R04274632/#colour=MULTI-COLOURED,https://images.selfridges.com/is/image/selfridges/R04274632_MULTICOLOURED_M?wid=476&hei=634&fmt=webp&qlt=80,Women's Clothing Test,Selfridges,In Stock,2025-09-25T21:46:09.207978,2025-09-25T21:46:09.207979,1
R04299673,Striped round-neck cotton top,WHISTLES,39.0,49.0,20.4,10.0,https://www.selfridges.com/GB/en/product/whistles-striped-round-neck-cotton-top_R04299673/#colour=CREAM,https://images.selfridges.com/is/image/selfridges/R04299673_CREAM_M?wid=476&hei=634&fmt=webp&qlt=80,Women's Clothing Test,Selfridges,In Stock,2025-09-25T21:46:09.208842,2025-09-25T21:46:09.208843,1
R04404716,Ribbed pack of three cotton-blend socks,WHISTLES,23.2,29.0,20.0,5.8,https://www.selfridges.com/GB/en/product/whistles-ribbed-pack-of-three-cotton-blend-socks_R04404716/#colour=MULTI-COLOURED,https://images.selfridges.com/is/image/selfridges/R04404716_MULTICOLOURED_M?wid=476&hei=634&fmt=webp&qlt=80,Women's Clothing Test,Selfridges,In Stock,2025-09-25T21:46:09.209677,2025-09-25T21:46:09.209678,1
R04404717,Ribbed pack of three cotton-blend socks,WHISTLES,23.2,29.0,20.0,5.8,https://www.selfridges.com/GB/en/product/whistles-ribbed-pack-of-three-cotton-blend-socks_R04404717/#colour=MULTI-COLOURED,https://images.selfridges.com/is/image/selfridges/R04404717_MULTICOLOURED_M?wid=476&hei=634&fmt=webp&qlt=80,Women's Clothing Test,Selfridges,In Stock,2025-09-25T21:46:09.210533,2025-09-25T21:46:09.210534,1
R04301917,Rosa double-trim crew neck cotton T-shirt,WHISTLES,28.0,35.0,20.0,7.0,https://www.selfridges.com/GB/en/product/whistles-rosa-double-trim-crew-neck-cotton-t-shirt_R04301917/#colour=PALE BLUE,https://images.selfridges.com/is/image/selfridges/R04301917_PALEBLUE_M?wid=476&hei=634&fmt=webp&qlt=80,Women's Clothing Test,Selfridges,In Stock,2025-09-25T21:46:09.211398,2025-09-25T21:46:09.211399,1
R04435390,Explore More Brand-Print Cotton-Jersey T-shirt,SWEATY BETTY,28.0,35.0,20.0,7.0,https://www.selfridges.com/GB/en/product/sweaty-betty-explore-more-brand-print-cotton-jersey-t-shirt_R04435390/#colour=WHITE,https://images.selfridges.com/is/image/selfridges/R04435390_WHITE_M?wid=476&hei=634&fmt=webp&qlt=80,Women's Clothing Test,Selfridges,In Stock,2025-09-25T21:46:09.212327,2025-09-25T21:46:09.212328,1
R04459715,Rosa Double-Trim Cotton-Jersey T-Shirt,WHISTLES,28.0,35.0,20.0,7.0,https://www.selfridges.com/GB/en/product/whistles-rosa-double-trim-cotton-jersey-t-shirt_R04459715/#colour=PALE GREEN,https://images.selfridges.com/is/image/selfridges/R04459715_PALEGREEN_M?wid=476&hei=634&fmt=webp&qlt=80,Women's Clothing Test,Selfridges,In Stock,2025-09-25T21:46:09.213227,2025-09-25T21:46:09.213228,1
R04398599,Ribbed-knit cashmere socks,WHISTLES,36.0,45.0,20.0,9.0,https://www.selfridges.com/GB/en/product/whistles-ribbed-knit-cashmere-socks_R04398599/#colour=CREAM,https://images.selfridges.com/is/image/selfridges/R04398599_CREAM_M?wid=476&hei=634&fmt=webp&qlt=80,Women's Clothing Test,Selfridges,In Stock,2025-09-25T21:46:09.214110,2025-09-25T21:46:09.214111,1
R04399188,Ribbed-knit cashmere socks,WHISTLES,36.0,45.0,20.0,9.0,https://www.selfridges.com/GB/en/product/whistles-ribbed-knit-cashmere-socks_R04399188/#colour=Navy,https://images.selfridges.com/is/image/selfridges/R04399188_NAVY_M?wid=476&hei=634&fmt=webp&qlt=80,Women's Clothing Test,Selfridges,In Stock,2025-09-25T21:46:09.214966,2025-09-25T21:46:09.214967,1
R04415543,Ribbed long-sleeve stretch-modal jersey pyjama top,WHISTLES,36.0,45.0,20.0,9.0,https://www.selfridges.com/GB/en/product/whistles-ribbed-long-sleeve-stretch-modal-jersey-pyjama-top_R04415543/#colour=GREY,https://images.selfridges.com/is/image/selfridges/R04415543_GREY_M?wid=476&hei=634&fmt=webp&qlt=80,Women's Clothing Test,Selfridges,In Stock,2025-09-25T21:46:09.215821,2025-09-25T21:46:09.215822,1
R04435306,Soft Flow Studio Stretch-Woven Tank Top,SWEATY BETTY,36.0,45.0,20.0,9.0,https://www.selfridges.com/GB/en/product/sweaty-betty-soft-flow-studio-stretch-woven-tank-top_R04435306/#colour=TIDAL BLUE,https://images.selfridges.com/is/image/selfridges/R04435306_TIDALBLUE_M?wid=476&hei=634&fmt=webp&qlt=80,Women's Clothing Test,Selfridges,In Stock,2025-09-25T21:46:09.216695,2025-09-25T21:46:09.216696,1
R04435344,Power Medium-Support Stretch-Woven Sports Bra,SWEATY BETTY,36.0,45.0,20.0,9.0,https://www.selfridges.com/GB/en/product/sweaty-betty-power-medium-support-stretch-woven-sports-bra_R04435344/#colour=Nerine Pink,https://images.selfridges.com/is/image/selfridges/R04435344_NERINEPINK_M?wid=476&hei=634&fmt=webp&qlt=80,Women's Clothing Test,Selfridges,In Stock,2025-09-25T21:46:09.217563,2025-09-25T21:46:09.217564,1
R04435356,After Class Crop Cotton and Modal-Blend Sweatshirt,SWEATY BETTY,36.0,45.0,20.0,9.0,https://www.selfridges.com/GB/en/product/sweaty-betty-after-class-crop-cotton-and-modal-blend-sweatshirt_R04435356/#colour=Tidal Blue Stripe,https://images.selfridges.com/is/image/selfridges/R04435356_TIDALBLUESTRIPE_M?wid=476&hei=634&fmt=webp&qlt=80,Women's Clothing Test,Selfridges,In Stock,2025-09-25T21:46:09.218419,2025-09-25T21:46:09.218420,1
R04435423,Gaia V-Neck Stretch-Woven Vest Top,SWEATY BETTY,36.0,45.0,20.0,9.0,https://www.selfridges.com/GB/en/product/sweaty-betty-gaia-v-neck-stretch-woven-vest-top_R04435423/,https://images.selfridges.com/is/image/selfridges/R04435423_BLACK_M?wid=476&hei=634&fmt=webp&qlt=80,Women's Clothing Test,Selfridges,In Stock,2025-09-25T21:46:09.219313,2025-09-25T21:46:09.219314,1
